zpid,rawHomeStatusCd,marketingStatusSimplifiedCd,imgSrc,hasImage,detailUrl,statusType,statusText,price,priceLabel,address,beds,baths,area,isUserClaimingOwner,isUserConfirmedClaim,pgapt,sgapt,shouldShowZestimateAsPrice,has3DModel,hasVideo,isHomeRec,hasAdditionalAttributions,isFeaturedListing,isShowcaseListing,listingType,isFavorite,visited,info2String,info6String,brokerName,timeOnZillow,latLong.latitude,latLong.longitude,hdpData.homeInfo.zpid,hdpData.homeInfo.streetAddress,hdpData.homeInfo.zipcode,hdpData.homeInfo.city,hdpData.homeInfo.state,hdpData.homeInfo.latitude,hdpData.homeInfo.longitude,hdpData.homeInfo.price,hdpData.homeInfo.bathrooms,hdpData.homeInfo.bedrooms,hdpData.homeInfo.livingArea,hdpData.homeInfo.homeType,hdpData.homeInfo.homeStatus,hdpData.homeInfo.daysOnZillow,hdpData.homeInfo.isFeatured,hdpData.homeInfo.shouldHighlight,hdpData.homeInfo.zestimate,hdpData.homeInfo.rentZestimate,hdpData.homeInfo.listing_sub_type.is_FSBA,hdpData.homeInfo.isUnmappable,hdpData.homeInfo.isPreforeclosureAuction,hdpData.homeInfo.homeStatusForHDP,hdpData.homeInfo.priceForHDP,hdpData.homeInfo.timeOnZillow,hdpData.homeInfo.isNonOwnerOccupied,hdpData.homeInfo.isPremierBuilder,hdpData.homeInfo.isZillowOwned,hdpData.homeInfo.currency,hdpData.homeInfo.country,hdpData.homeInfo.taxAssessedValue,hdpData.homeInfo.lotAreaValue,hdpData.homeInfo.lotAreaUnit,hdpData.homeInfo.isShowcaseListing,variableData.type,variableData.text,hdpData.homeInfo.datePriceChanged,hdpData.homeInfo.priceReduction,hdpData.homeInfo.priceChange,variableData.data.isRead,variableData.data.isFresh,hdpData.homeInfo.listing_sub_type.is_newHome,hdpData.homeInfo.newConstructionType,builderName,hdpData.homeInfo.listing_sub_type.is_bankOwned,hdpData.homeInfo.unit
85585467,ForSale,For Sale by Agent,https://photos.zillowstatic.com/fp/4b5af5379bc772619e3794f4ac0eb79a-p_e.jpg,True,/homedetails/3811-S-Claybridge-Dr-Bloomington-IN-47401/85585467_zpid/,FOR_SALE,House for sale,"$365,000",$365K,"3811 S Claybridge Dr, Bloomington, IN 47401",4,3.0,2072,False,False,ForSale,For Sale (Broker),False,False,False,False,True,False,False,,False,False,Listing provided by IRMLS,Natasha Johns,Williams Carpenter Realtors,277083000,39.126404,-86.5065,85585467,3811 S Claybridge Dr,47401,Bloomington,IN,39.126404,-86.5065,365000.0,3.0,4.0,2072.0,SINGLE_FAMILY,FOR_SALE,-1,False,False,364000.0,2647.0,True,False,False,FOR_SALE,365000.0,277083000,True,False,False,USD,USA,304500.0,5227.2,sqft,False,,,,,,,,,,,,
85584050,ForSale,For Sale by Agent,https://photos.zillowstatic.com/fp/0578f229b241cefe75aafc333882aeb5-p_e.jpg,True,/homedetails/3864-S-Bainbridge-Dr-Bloomington-IN-47401/85584050_zpid/,FOR_SALE,House for sale,"$525,000",$525K,"3864 S Bainbridge Dr, Bloomington, IN 47401",4,4.0,3062,False,False,ForSale,For Sale (Broker),False,False,False,False,True,False,False,,False,False,Listing provided by IRMLS,Theresa Sicinski,RE/MAX Acclaimed Properties,282904000,39.127186,-86.51633,85584050,3864 S Bainbridge Dr,47401,Bloomington,IN,39.127186,-86.51633,525000.0,4.0,4.0,3062.0,SINGLE_FAMILY,FOR_SALE,-1,False,False,523900.0,2646.0,True,False,False,FOR_SALE,525000.0,282904000,True,False,False,USD,USA,511000.0,0.59,acres,False,,,,,,,,,,,,
115587544,ForSale,For Sale by Agent,https://photos.zillowstatic.com/fp/42560ddfe9b6ddff4672dfce1a568e0a-p_e.jpg,True,/homedetails/901-W-Cardinal-Ct-Bloomington-IN-47403/115587544_zpid/,FOR_SALE,House for sale,"$264,900",$265K,"901 W Cardinal Ct, Bloomington, IN 47403",3,2.0,1140,False,False,ForSale,For Sale (Broker),False,True,False,False,True,False,False,,False,False,Listing provided by IRMLS,Kaity Sandes,The Indiana Team LLC,347724000,39.143925,-86.543884,115587544,901 W Cardinal Ct,47403,Bloomington,IN,39.143925,-86.543884,264900.0,2.0,3.0,1140.0,SINGLE_FAMILY,FOR_SALE,-1,False,False,264300.0,1650.0,True,False,False,FOR_SALE,264900.0,347724000,True,False,False,USD,USA,182200.0,7840.799999999999,sqft,False,3D_HOME,3D Tour,,,,,,,,,,
94515218,ForSale,For Sale by Agent,https://photos.zillowstatic.com/fp/8e7edfd6d4441068ce1389101972a859-p_e.jpg,True,/homedetails/1419-W-12th-St-Bloomington-IN-47404/94515218_zpid/,FOR_SALE,House for sale,"$100,000",$100K,"1419 W 12th St, Bloomington, IN 47404",3,1.0,1275,False,False,ForSale,For Sale (Broker),False,False,False,False,True,False,False,,False,False,Listing provided by IRMLS,Ryne Shadday,Century 21 Scheetz - Bloomington,357634000,39.174015,-86.55135,94515218,1419 W 12th St,47404,Bloomington,IN,39.174015,-86.55135,100000.0,1.0,3.0,1275.0,SINGLE_FAMILY,FOR_SALE,-1,False,False,98000.0,1597.0,True,False,False,FOR_SALE,100000.0,357634000,True,False,False,USD,USA,89300.0,4356.0,sqft,False,,,,,,,,,,,,
85588574,ForSale,For Sale by Agent,https://photos.zillowstatic.com/fp/e7ce3001ad9f2a3e59499bab8e08bb81-p_e.jpg,True,/homedetails/4025-W-Stapleton-Ave-Bloomington-IN-47403/85588574_zpid/,FOR_SALE,House for sale,"$275,000",$275K,"4025 W Stapleton Ave, Bloomington, IN 47403",3,2.0,1352,False,False,ForSale,For Sale (Broker),False,True,False,False,True,False,False,,False,False,Listing provided by IRMLS,Laura Stevens,The Indiana Team LLC,450683000,39.138157,-86.58394,85588574,4025 W Stapleton Ave,47403,Bloomington,IN,39.138157,-86.58394,275000.0,2.0,3.0,1352.0,SINGLE_FAMILY,FOR_SALE,-1,False,False,273400.0,1700.0,True,False,False,FOR_SALE,275000.0,450683000,True,False,False,USD,USA,176300.0,9147.6,sqft,False,3D_HOME,3D Tour,,,,,,,,,,
85581617,ForSale,For Sale by Agent,https://photos.zillowstatic.com/fp/bfd57e17bd8979691971d63e203755db-p_e.jpg,True,/homedetails/4407-S-Eagleview-Dr-Bloomington-IN-47403/85581617_zpid/,FOR_SALE,House for sale,"$419,000",$419K,"4407 S Eagleview Dr, Bloomington, IN 47403",4,4.0,2786,False,False,ForSale,For Sale (Broker),False,False,False,False,True,False,False,,False,False,Listing provided by IRMLS,Lindsey Norris,Century 21 Scheetz - Bloomington,284047000,39.1177,-86.54553,85581617,4407 S Eagleview Dr,47403,Bloomington,IN,39.1177,-86.54553,419000.0,4.0,4.0,2786.0,SINGLE_FAMILY,FOR_SALE,-1,False,False,,,True,False,False,FOR_SALE,419000.0,284047000,True,False,False,USD,USA,397500.0,0.44,acres,False,,,,,,,,,,,,
85582082,ForSale,For Sale by Agent,https://photos.zillowstatic.com/fp/72c79b1f73a3de888fd57bd8564e8ba4-p_e.jpg,True,/homedetails/717-W-Ralston-Dr-Bloomington-IN-47403/85582082_zpid/,FOR_SALE,House for sale,"$229,000",$229K,"717 W Ralston Dr, Bloomington, IN 47403",2,1.0,836,False,False,ForSale,For Sale (Broker),False,False,False,False,True,False,False,,False,False,Listing provided by IRMLS,Lindsey Norris,Century 21 Scheetz - Bloomington,285239000,39.13825,-86.54181,85582082,717 W Ralston Dr,47403,Bloomington,IN,39.13825,-86.54181,229000.0,1.0,2.0,836.0,SINGLE_FAMILY,FOR_SALE,-1,False,False,,,True,False,False,FOR_SALE,229000.0,285239000,True,False,False,USD,USA,144400.0,0.26,acres,False,,,,,,,,,,,,
94515184,ForSale,For Sale by Agent,https://photos.zillowstatic.com/fp/cff060c245c217b85bd4e43d95eab34f-p_e.jpg,True,/homedetails/412-E-Audubon-Dr-Bloomington-IN-47408/94515184_zpid/,FOR_SALE,House for sale,"$435,000",$435K,"412 E Audubon Dr, Bloomington, IN 47408",3,3.0,2895,False,False,ForSale,For Sale (Broker),False,False,False,False,True,False,False,,False,False,Listing provided by IRMLS,Sally Baird,Sterling Real Estate,208245000,39.212746,-86.52924,94515184,412 E Audubon Dr,47408,Bloomington,IN,39.212746,-86.52924,435000.0,3.0,3.0,2895.0,SINGLE_FAMILY,FOR_SALE,-1,False,False,432600.0,1900.0,True,False,False,FOR_SALE,435000.0,208245000,True,False,False,USD,USA,275600.0,0.41,acres,False,,,,,,,,,,,,
339779999,ForSale,For Sale by Agent,https://photos.zillowstatic.com/fp/cd4d71cefc3d38c81daadcf434542ca0-p_e.jpg,True,/homedetails/7433-W-Upland-Dr-Bloomington-IN-47404/339779999_zpid/,FOR_SALE,House for sale,"$369,000",$369K,"7433 W Upland Dr, Bloomington, IN 47404",3,2.0,1623,False,False,ForSale,For Sale (Broker),False,False,False,False,True,False,False,,False,False,Listing provided by IRMLS,Cortney Walcott,Century 21 Scheetz - Bloomington,193217000,39.223232,-86.637,339779999,7433 W Upland Dr,47404,Bloomington,IN,39.223232,-86.637,369000.0,2.0,3.0,1623.0,SINGLE_FAMILY,FOR_SALE,-1,False,False,368200.0,1999.0,True,False,False,FOR_SALE,369000.0,193217000,True,False,False,USD,USA,308600.0,0.3,acres,False,,,,,,,,,,,,
85590914,ForSale,For Sale by Agent,https://photos.zillowstatic.com/fp/523f2767ec7f30b2173378da4d45004d-p_e.jpg,True,/homedetails/711-S-Westwood-Dr-Bloomington-IN-47403/85590914_zpid/,FOR_SALE,House for sale,"$199,900",$200K,"711 S Westwood Dr, Bloomington, IN 47403",3,2.0,1460,False,False,ForSale,For Sale (Broker),False,False,False,False,True,False,False,,False,False,Listing provided by IRMLS,Micah Heath,Keller Williams - Indy Metro South LLC,1538573000,39.1608,-86.58972,85590914,711 S Westwood Dr,47403,Bloomington,IN,39.1608,-86.58972,199900.0,2.0,3.0,1460.0,SINGLE_FAMILY,FOR_SALE,-1,False,False,194800.0,1599.0,True,False,False,FOR_SALE,199900.0,1538573000,True,False,False,USD,USA,223400.0,9583.2,sqft,False,,,,,,,,,,,,
85584419,ForSale,For Sale by Agent,https://photos.zillowstatic.com/fp/4d36d814646b11f746fc7be70e4828ed-p_e.jpg,True,/homedetails/2823-S-Stratford-Dr-Bloomington-IN-47401/85584419_zpid/,FOR_SALE,House for sale,"$424,900",$425K,"2823 S Stratford Dr, Bloomington, IN 47401",3,2.0,1830,False,False,ForSale,For Sale (Broker),False,False,False,False,True,False,False,,False,False,Listing provided by IRMLS,Andy Walker,RE/MAX Acclaimed Properties,200848000,39.13831,-86.50922,85584419,2823 S Stratford Dr,47401,Bloomington,IN,39.13831,-86.50922,424900.0,2.0,3.0,1830.0,SINGLE_FAMILY,FOR_SALE,-1,False,False,423700.0,1900.0,True,False,False,FOR_SALE,424900.0,200848000,True,False,False,USD,USA,294100.0,0.38,acres,False,,,,,,,,,,,,
94523456,ForSale,For Sale by Agent,https://photos.zillowstatic.com/fp/589fe9b9d10c6255666bd2ca297715e4-p_e.jpg,True,/homedetails/3504-W-Fox-Trail-Pl-Bloomington-IN-47403/94523456_zpid/,FOR_SALE,House for sale,"$252,900",$253K,"3504 W Fox Trail Pl, Bloomington, IN 47403",3,2.0,1264,False,False,ForSale,For Sale (Broker),False,False,False,False,True,False,False,,False,False,Listing provided by IRMLS,Kaili Frye,Century 21 Scheetz - Bloomington,2011286000,39.12893,-86.57618,94523456,3504 W Fox Trail Pl,47403,Bloomington,IN,39.12893,-86.57618,252900.0,2.0,3.0,1264.0,SINGLE_FAMILY,FOR_SALE,-1,False,False,246700.0,1650.0,True,False,False,FOR_SALE,252900.0,2011286000,True,False,False,USD,USA,200300.0,9583.2,sqft,False,PRICE_REDUCTION,"$7,000 (Mar 5)",1709625600000.0,"$7,000 (Mar 5)",-7000.0,,,,,,,
85579726,ForSale,For Sale by Agent,https://photos.zillowstatic.com/fp/0e8c444ee28691f007ca24b4f0f466fb-p_e.jpg,True,/homedetails/1516-W-Edinburgh-Bnd-Bloomington-IN-47403/85579726_zpid/,FOR_SALE,House for sale,"$339,000",$339K,"1516 W Edinburgh Bnd, Bloomington, IN 47403",4,3.0,1980,False,False,ForSale,For Sale (Broker),False,False,False,False,True,False,False,,False,False,Listing provided by IRMLS,Mike Avila,"Signature Realty Services, LLC",350958000,39.123974,-86.549355,85579726,1516 W Edinburgh Bnd,47403,Bloomington,IN,39.123974,-86.549355,339000.0,3.0,4.0,1980.0,SINGLE_FAMILY,FOR_SALE,-1,False,False,338500.0,2370.0,True,False,False,FOR_SALE,339000.0,350958000,True,False,False,USD,USA,294000.0,6969.6,sqft,False,,,,,,,,,,,,
85594957,ForSale,For Sale by Agent,https://photos.zillowstatic.com/fp/81c44b35fdf2b3262b708c540e7ea4de-p_e.jpg,True,/homedetails/4374-W-Vernal-Pike-Bloomington-IN-47404/85594957_zpid/,FOR_SALE,House for sale,"$279,000",$279K,"4374 W Vernal Pike, Bloomington, IN 47404",3,2.0,1056,False,False,ForSale,For Sale (Broker),False,False,False,False,True,False,False,,False,False,Listing provided by IRMLS,Sean Gillenwater,Millican Realty,323988000,39.179653,-86.59004,85594957,4374 W Vernal Pike,47404,Bloomington,IN,39.179653,-86.59004,279000.0,2.0,3.0,1056.0,SINGLE_FAMILY,FOR_SALE,-1,False,False,278500.0,1683.0,True,False,False,FOR_SALE,279000.0,323988000,True,False,False,USD,USA,165100.0,1.14,acres,False,,,,,,,,,,,,
94519224,ForSale,For Sale by Agent,https://photos.zillowstatic.com/fp/9f679582d841cc00c41fb92630c90e9e-p_e.jpg,True,/homedetails/1024-S-Hawthorne-Dr-Bloomington-IN-47401/94519224_zpid/,FOR_SALE,House for sale,"$395,000",$395K,"1024 S Hawthorne Dr, Bloomington, IN 47401",3,2.0,1411,False,False,ForSale,For Sale (Broker),False,False,False,False,True,False,False,,False,False,Listing provided by IRMLS,Trish Sterling,Sterling Real Estate,172153000,39.15447,-86.52062,94519224,1024 S Hawthorne Dr,47401,Bloomington,IN,39.15447,-86.52062,395000.0,2.0,3.0,1411.0,SINGLE_FAMILY,FOR_SALE,-1,False,False,393900.0,2058.0,True,False,False,FOR_SALE,395000.0,172153000,True,False,False,USD,USA,340400.0,0.38,acres,False,,,,,,,,,,,,
94514948,ForSale,For Sale by Agent,https://photos.zillowstatic.com/fp/7f66df2aa16317c077cc1b8ee66c2ae7-p_e.jpg,True,/homedetails/3950-W-Arlington-Rd-Bloomington-IN-47404/94514948_zpid/,FOR_SALE,House for sale,"$285,000",$285K,"3950 W Arlington Rd, Bloomington, IN 47404",3,1.0,1448,False,False,ForSale,For Sale (Broker),False,False,False,False,True,False,False,,False,False,Listing provided by IRMLS,Tammy Druckemiller,RE/MAX Realty Professionals,279317000,39.203617,-86.565216,94514948,3950 W Arlington Rd,47404,Bloomington,IN,39.203617,-86.565216,285000.0,1.0,3.0,1448.0,SINGLE_FAMILY,FOR_SALE,-1,False,False,284600.0,1551.0,True,False,False,FOR_SALE,285000.0,279317000,True,False,False,USD,USA,165400.0,1.17,acres,False,,,,,,,,,,,,
85579863,ForSale,For Sale by Agent,https://photos.zillowstatic.com/fp/92379afdf7a9fd234037890a28939c12-p_e.jpg,True,/homedetails/3879-S-McDougal-St-Bloomington-IN-47403/85579863_zpid/,FOR_SALE,House for sale,"$345,000",$345K,"3879 S McDougal St, Bloomington, IN 47403",3,3.0,2203,False,False,ForSale,For Sale (Broker),False,False,False,False,True,False,False,,False,False,Listing provided by IRMLS,Courtney Mullis,Berkshire Hathaway HomeServices Indiana Realty-Bloomington,353538000,39.12362,-86.55317,85579863,3879 S McDougal St,47403,Bloomington,IN,39.12362,-86.55317,345000.0,3.0,3.0,2203.0,SINGLE_FAMILY,FOR_SALE,-1,False,False,344900.0,2228.0,True,False,False,FOR_SALE,345000.0,353538000,True,False,False,USD,USA,332200.0,0.26,acres,False,,,,,,,,,,,,
85575540,ForSale,For Sale by Agent,https://photos.zillowstatic.com/fp/f28ec51bd9d5366f230847f289327ac5-p_e.jpg,True,/homedetails/4655-N-Happy-Hollow-Rd-Bloomington-IN-47408/85575540_zpid/,FOR_SALE,House for sale,"$260,000",$260K,"4655 N Happy Hollow Rd, Bloomington, IN 47408",3,2.0,1492,False,False,ForSale,For Sale (Broker),False,True,False,False,True,False,False,,False,False,Listing provided by IRMLS,Laura Stevens,The Indiana Team LLC,1463806000,39.217213,-86.47409,85575540,4655 N Happy Hollow Rd,47408,Bloomington,IN,39.217213,-86.47409,260000.0,2.0,3.0,1492.0,SINGLE_FAMILY,FOR_SALE,-1,False,False,251800.0,1900.0,True,False,False,FOR_SALE,260000.0,1463806000,True,False,False,USD,USA,172200.0,0.55,acres,False,3D_HOME,3D Tour,,,,,,,,,,
345325893,ForSale,For Sale by Agent,https://photos.zillowstatic.com/fp/fccc44c96852b406959f8587a271344d-p_e.jpg,True,/homedetails/1605-N-Breckenridge-Rd-Bloomington-IN-47404/345325893_zpid/,FOR_SALE,House for sale,"$295,200",$295K,"1605 N Breckenridge Rd, Bloomington, IN 47404",2,2.0,1220,False,False,ForSale,For Sale (Broker),False,False,False,False,True,False,False,,False,False,Listing provided by IRMLS,Chris Clark,Century 21 Scheetz - Bloomington,262990000,39.184467,-86.55346,345325893,1605 N Breckenridge Rd,47404,Bloomington,IN,39.184467,-86.55346,295200.0,2.0,2.0,1220.0,SINGLE_FAMILY,FOR_SALE,-1,False,False,,,True,False,False,FOR_SALE,295200.0,262990000,True,False,False,USD,USA,,4181.76,sqft,False,,,,,,,,,,,,
85585352,ForSale,For Sale by Agent,https://photos.zillowstatic.com/fp/67de32cca9f01b7e04eb83bd2afb1b6d-p_e.jpg,True,/homedetails/1702-S-High-St-Bloomington-IN-47401/85585352_zpid/,FOR_SALE,House for sale,"$299,900",$300K,"1702 S High St, Bloomington, IN 47401",3,3.0,2292,False,False,ForSale,For Sale (Broker),False,False,False,False,True,False,False,,False,False,Listing provided by IRMLS,Brian Thompson,FC Tucker/Bloomington REALTORS,1065564000,39.148697,-86.50873,85585352,1702 S High St,47401,Bloomington,IN,39.148697,-86.50873,299900.0,3.0,3.0,2292.0,SINGLE_FAMILY,FOR_SALE,-1,False,False,293200.0,1888.0,True,False,False,FOR_SALE,299900.0,1065564000,True,False,False,USD,USA,220800.0,0.27,acres,False,,,,,,,,,,,,
211052603,ForSale,For Sale by Agent,https://photos.zillowstatic.com/fp/0a3826be8607f88be994c24d137c5186-p_e.jpg,True,/homedetails/7545-W-Upland-Dr-Bloomington-IN-47404/211052603_zpid/,FOR_SALE,House for sale,"$395,000",$395K,"7545 W Upland Dr, Bloomington, IN 47404",3,2.0,1735,False,False,ForSale,For Sale (Broker),False,False,False,False,True,False,False,,False,False,Listing provided by IRMLS,Cortney Walcott,Century 21 Scheetz - Bloomington,289468000,39.223385,-86.639656,211052603,7545 W Upland Dr,47404,Bloomington,IN,39.223385,-86.639656,395000.0,2.0,3.0,1735.0,SINGLE_FAMILY,FOR_SALE,-1,False,False,394300.0,2028.0,True,False,False,FOR_SALE,395000.0,289468000,True,False,False,USD,USA,368200.0,0.27,acres,False,,,,,,,,,,,,
85578662,ForSale,For Sale by Agent,https://photos.zillowstatic.com/fp/a4f953c4f93ef81a203d4a5d2d96e5c9-p_e.jpg,True,/homedetails/101-S-Heritage-Rd-Bloomington-IN-47408/85578662_zpid/,FOR_SALE,House for sale,"$390,000",$390K,"101 S Heritage Rd, Bloomington, IN 47408",3,2.0,1952,False,False,ForSale,For Sale (Broker),False,False,False,False,True,False,False,,False,False,Listing provided by IRMLS,Becky Wann,Becky Wann Real Estate Services,891902000,39.16598,-86.48246,85578662,101 S Heritage Rd,47408,Bloomington,IN,39.16598,-86.48246,390000.0,2.0,3.0,1952.0,SINGLE_FAMILY,FOR_SALE,-1,False,False,373200.0,1889.0,True,False,False,FOR_SALE,390000.0,891902000,True,False,False,USD,USA,272800.0,0.37,acres,False,,,,,,,,,,,,
94525198,ForSale,For Sale by Agent,https://photos.zillowstatic.com/fp/f16264fe12c214e117b363889c354ff9-p_e.jpg,True,/homedetails/9127-S-Front-9-Dr-Bloomington-IN-47401/94525198_zpid/,FOR_SALE,House for sale,"$319,900",$320K,"9127 S Front 9 Dr, Bloomington, IN 47401",3,2.0,1567,False,False,ForSale,For Sale (Broker),False,False,False,False,True,False,False,,False,False,Listing provided by IRMLS,Todd Loucks,RE/MAX Connection,93369000,39.033833,-86.51776,94525198,9127 S Front 9 Dr,47401,Bloomington,IN,39.033833,-86.51776,319900.0,2.0,3.0,1567.0,SINGLE_FAMILY,FOR_SALE,-1,False,False,319100.0,1690.0,True,False,False,FOR_SALE,319900.0,93369000,True,False,False,USD,USA,270200.0,0.52,acres,False,,,,,,,,,,,,
85576563,ForSale,For Sale by Agent,https://photos.zillowstatic.com/fp/61f859ec7700898b309204c40d1ae8df-p_e.jpg,True,/homedetails/4223-E-Morningside-Dr-Bloomington-IN-47408/85576563_zpid/,FOR_SALE,House for sale,"$399,999",$400K,"4223 E Morningside Dr, Bloomington, IN 47408",4,2.0,2516,False,False,ForSale,For Sale (Broker),False,False,False,False,True,False,False,,False,False,Listing provided by IRMLS,Rebekah Sims,Century 21 Scheetz - Bloomington,1384777000,39.167618,-86.476585,85576563,4223 E Morningside Dr,47408,Bloomington,IN,39.167618,-86.476585,399999.0,2.0,4.0,2516.0,SINGLE_FAMILY,FOR_SALE,-1,False,False,,,True,False,False,FOR_SALE,399999.0,1384777000,True,False,False,USD,USA,297800.0,0.35,acres,False,,,,,,,,,,,,
85593264,ForSale,For Sale by Agent,https://photos.zillowstatic.com/fp/4c617768d30980c463215fc3a0c0f9fa-p_e.jpg,True,/homedetails/2124-W-Popcorn-Rd-Springville-IN-47462/85593264_zpid/,FOR_SALE,House for sale,"$150,000",$150K,"2124 W Popcorn Rd, Springville, IN 47462",2,1.0,1282,False,False,ForSale,For Sale (Broker),False,False,False,False,True,False,False,,False,False,Listing provided by IRMLS,Aj Bowlen,RE/MAX Acclaimed Properties,33443000,39.01141,-86.563354,85593264,2124 W Popcorn Rd,47462,Springville,IN,39.01141,-86.563354,150000.0,1.0,2.0,1282.0,SINGLE_FAMILY,FOR_SALE,-1,False,False,149500.0,1264.0,True,False,False,FOR_SALE,150000.0,33443000,True,False,False,USD,USA,143200.0,2.0,acres,False,TIME_ON_INFO,9 hours ago,,,,,False,,,,,
94514755,ForSale,For Sale by Agent,https://photos.zillowstatic.com/fp/a929570be7e9b37288672c288586c59a-p_e.jpg,True,/homedetails/3275-S-Knightridge-Rd-Bloomington-IN-47401/94514755_zpid/,FOR_SALE,House for sale,"$280,000",$280K,"3275 S Knightridge Rd, Bloomington, IN 47401",2,3.0,1511,False,False,ForSale,For Sale (Broker),False,False,False,False,True,False,False,,False,False,Listing provided by IRMLS,Tracee Lutes,RE/MAX Acclaimed Properties,2691711000,39.134735,-86.44861,94514755,3275 S Knightridge Rd,47401,Bloomington,IN,39.134735,-86.44861,280000.0,3.0,2.0,1511.0,SINGLE_FAMILY,FOR_SALE,-1,False,False,270900.0,2070.0,True,False,False,FOR_SALE,280000.0,2691711000,True,False,False,USD,USA,133200.0,2.43,acres,False,PRICE_REDUCTION,"$20,000 (Mar 4)",1709539200000.0,"$20,000 (Mar 4)",-20000.0,,,,,,,
102880754,ForSale,For Sale by Agent,https://photos.zillowstatic.com/fp/656202a41ef4c05dce32801683f4f92b-p_e.jpg,True,/homedetails/2683-S-Isabel-Ct-Bloomington-IN-47403/102880754_zpid/,FOR_SALE,House for sale,"$389,500",$390K,"2683 S Isabel Ct, Bloomington, IN 47403",4,3.0,2040,False,False,ForSale,For Sale (Broker),False,False,False,False,True,False,False,,False,False,Listing provided by IRMLS,Clara Perry,FC Tucker/Bloomington REALTORS,1655280000,39.13887,-86.55287,102880754,2683 S Isabel Ct,47403,Bloomington,IN,39.13887,-86.55287,389500.0,3.0,4.0,2040.0,SINGLE_FAMILY,FOR_SALE,-1,False,False,382100.0,2370.0,True,False,False,FOR_SALE,389500.0,1655280000,True,False,False,USD,USA,298400.0,8712.0,sqft,False,PRICE_REDUCTION,"$4,500 (Mar 20)",1710918000000.0,"$4,500 (Mar 20)",-4500.0,,,,,,,
94526912,ForSale,For Sale by Agent,https://photos.zillowstatic.com/fp/39961bec987ac5ab78f64d1c574bd93a-p_e.jpg,True,/homedetails/7290-W-Upland-Ct-Bloomington-IN-47404/94526912_zpid/,FOR_SALE,House for sale,"$339,900",$340K,"7290 W Upland Ct, Bloomington, IN 47404",4,3.0,1851,False,False,ForSale,For Sale (Broker),False,False,False,False,True,False,False,,False,False,Listing provided by IRMLS,Mandy J Ward,Hawkins & Root Real Estate,1155146000,39.2234,-86.6328,94526912,7290 W Upland Ct,47404,Bloomington,IN,39.2234,-86.6328,339900.0,3.0,4.0,1851.0,SINGLE_FAMILY,FOR_SALE,-1,False,False,333100.0,2470.0,True,False,False,FOR_SALE,339900.0,1155146000,True,False,False,USD,USA,271300.0,0.415,acres,False,,,,,,,,,,,,
85579837,ForSale,For Sale by Agent,https://photos.zillowstatic.com/fp/b171854abc6a1907442027ac6ded3d96-p_e.jpg,True,/homedetails/3417-S-McDougal-Ct-Bloomington-IN-47403/85579837_zpid/,FOR_SALE,House for sale,"$389,000",$389K,"3417 S McDougal Ct, Bloomington, IN 47403",5,4.0,3564,False,False,ForSale,For Sale (Broker),False,False,False,False,True,False,False,,False,False,Listing provided by IRMLS,Sheila Pugh,Sheila F. Pugh Real Estate,378157000,39.12641,-86.55467,85579837,3417 S McDougal Ct,47403,Bloomington,IN,39.12641,-86.55467,389000.0,4.0,5.0,3564.0,SINGLE_FAMILY,FOR_SALE,-1,False,False,388100.0,2299.0,True,False,False,FOR_SALE,389000.0,378157000,True,False,False,USD,USA,389300.0,10454.4,sqft,False,,,,,,,,,,,,
102875932,ForSale,For Sale by Agent,https://photos.zillowstatic.com/fp/d741abf2eabff2ce313805662cb4ef58-p_e.jpg,True,/homedetails/3998-W-Furr-Ct-Bloomington-IN-47404/102875932_zpid/,FOR_SALE,House for sale,"$245,000",$245K,"3998 W Furr Ct, Bloomington, IN 47404",3,2.0,1284,False,False,ForSale,For Sale (Broker),False,False,False,False,True,False,False,,False,False,Listing provided by IRMLS,Sara Price-Presslaff,FC Tucker/Bloomington REALTORS,1054638000,39.21918,-86.59305,102875932,3998 W Furr Ct,47404,Bloomington,IN,39.21918,-86.59305,245000.0,2.0,3.0,1284.0,SINGLE_FAMILY,FOR_SALE,-1,False,False,,,True,False,False,FOR_SALE,245000.0,1054638000,True,False,False,USD,USA,217700.0,9147.6,sqft,False,,,,,,,,,,,,
94527228,ForSale,For Sale by Agent,https://photos.zillowstatic.com/fp/ee4819a43a12379cbb12e59443f8e112-p_e.jpg,True,/homedetails/5523-N-Andrea-Dr-Bloomington-IN-47404/94527228_zpid/,FOR_SALE,House for sale,"$289,900",$290K,"5523 N Andrea Dr, Bloomington, IN 47404",3,2.0,1353,False,False,ForSale,For Sale (Broker),False,False,False,False,True,False,False,,False,False,Listing provided by IRMLS,Andy Walker,RE/MAX Acclaimed Properties,2156292000,39.23032,-86.598595,94527228,5523 N Andrea Dr,47404,Bloomington,IN,39.23032,-86.598595,289900.0,2.0,3.0,1353.0,SINGLE_FAMILY,FOR_SALE,-1,False,False,283200.0,1800.0,True,False,False,FOR_SALE,289900.0,2156292000,True,False,False,USD,USA,273600.0,0.29,acres,False,,,,,,,,,,,,
243849410,ForSale,For Sale by Agent,https://photos.zillowstatic.com/fp/6d44984553a7834302a6371c6fce2e1c-p_e.jpg,True,/homedetails/12894-E-Quarry-View-Ln-Solsberry-IN-47459/243849410_zpid/,FOR_SALE,House for sale,"$254,900",$255K,"12894 E Quarry View Ln, Solsberry, IN 47459",3,2.0,2028,False,False,ForSale,For Sale (Broker),False,False,False,False,True,False,False,,False,False,Listing provided by IRMLS,Laura Wisley,Living the Dream Homes,852706000,39.145763,-86.70339,243849410,12894 E Quarry View Ln,47459,Solsberry,IN,39.145763,-86.70339,254900.0,2.0,3.0,2028.0,SINGLE_FAMILY,FOR_SALE,-1,False,False,248600.0,1999.0,True,False,False,FOR_SALE,254900.0,852706000,True,False,False,USD,USA,140200.0,1.66,acres,False,,,,,,,,,,,,
94517868,ForSale,For Sale by Agent,https://photos.zillowstatic.com/fp/3cd44d9f9ef1b48519f1342c0152b6e7-p_e.jpg,True,/homedetails/800-W-Fairway-Ln-Bloomington-IN-47403/94517868_zpid/,FOR_SALE,House for sale,"$289,000",$289K,"800 W Fairway Ln, Bloomington, IN 47403",3,2.0,1966,False,False,ForSale,For Sale (Broker),False,False,False,False,True,False,False,,False,False,Listing provided by IRMLS,Jeff Franklin,FC Tucker/Bloomington REALTORS,1646533000,39.13242,-86.5452,94517868,800 W Fairway Ln,47403,Bloomington,IN,39.13242,-86.5452,289000.0,2.0,3.0,1966.0,SINGLE_FAMILY,FOR_SALE,-1,False,False,279900.0,1900.0,True,False,False,FOR_SALE,289000.0,1646533000,True,False,False,USD,USA,298400.0,1.09,acres,False,,,,,,,,,,,,
94526685,ForSale,For Sale by Agent,https://photos.zillowstatic.com/fp/313b9b70fc3b7fa94166903981e925bc-p_e.jpg,True,/homedetails/3991-W-Andy-Ct-Bloomington-IN-47404/94526685_zpid/,FOR_SALE,House for sale,"$300,000",$300K,"3991 W Andy Ct, Bloomington, IN 47404",3,2.0,1354,False,False,ForSale,For Sale (Broker),False,False,False,False,True,False,False,,False,False,Listing provided by IRMLS,Courtney Mullis,Berkshire Hathaway HomeServices Indiana Realty-Bloomington,4602659000,39.203026,-86.58634,94526685,3991 W Andy Ct,47404,Bloomington,IN,39.203026,-86.58634,300000.0,2.0,3.0,1354.0,SINGLE_FAMILY,FOR_SALE,-1,False,False,,1999.0,True,False,False,FOR_SALE,300000.0,4602659000,True,False,False,USD,USA,301600.0,0.47,acres,False,,,,,,,,,,,,
85591464,ForSale,For Sale by Agent,https://photos.zillowstatic.com/fp/23e78d249adf7217495bdddedfd0d47c-p_e.jpg,True,/homedetails/5191-N-Brummetts-Creek-Rd-Bloomington-IN-47408/85591464_zpid/,FOR_SALE,House for sale,"$485,000",$485K,"5191 N Brummetts Creek Rd, Bloomington, IN 47408",3,3.0,3034,False,False,ForSale,For Sale (Broker),False,False,False,False,True,False,False,,False,False,Listing provided by IRMLS,Tracy J. Young,Century 21 Scheetz - Bloomington,2173981000,39.22492,-86.41488,85591464,5191 N Brummetts Creek Rd,47408,Bloomington,IN,39.22492,-86.41488,485000.0,3.0,3.0,3034.0,SINGLE_FAMILY,FOR_SALE,-1,False,False,482100.0,2199.0,True,False,False,FOR_SALE,485000.0,2173981000,True,False,False,USD,USA,309300.0,5.0,acres,False,,,,,,,,,,,,
2069734841,ForSale,For Sale by Agent,https://photos.zillowstatic.com/fp/6f7477f2ddb25a5e19dc6c27fd37c4df-p_e.jpg,True,/homedetails/4285-N-Emma-Dr-Bloomington-IN-47404/2069734841_zpid/,FOR_SALE,House for sale,"$469,900",$470K,"4285 N Emma Dr, Bloomington, IN 47404",3,2.0,1840,False,False,ForSale,For Sale (Broker),False,False,False,False,True,False,False,,False,False,Listing provided by IRMLS,Kaili Frye,Century 21 Scheetz - Bloomington,805170000,39.21441,-86.57974,2069734841,4285 N Emma Dr,47404,Bloomington,IN,39.21441,-86.57974,469900.0,2.0,3.0,1840.0,SINGLE_FAMILY,FOR_SALE,-1,False,False,468200.0,2058.0,True,False,False,FOR_SALE,469900.0,805170000,True,False,False,USD,USA,,9583.2,sqft,False,PRICE_REDUCTION,"$10,000 (Mar 18)",1710745200000.0,"$10,000 (Mar 18)",-10000.0,,,,,,,
85593411,ForSale,For Sale by Agent,https://photos.zillowstatic.com/fp/8113137b787eab4274aeb870b8c6dfc3-p_e.jpg,True,/homedetails/2875-E-Carowinds-Ct-Bloomington-IN-47401/85593411_zpid/,FOR_SALE,House for sale,"$279,900",$280K,"2875 E Carowinds Ct, Bloomington, IN 47401",4,2.0,1744,False,False,ForSale,For Sale (Broker),False,False,False,False,True,False,False,,False,False,Listing provided by IRMLS,Jim Stafford,Stafford Real Estate,2951815000,39.06294,-86.49435,85593411,2875 E Carowinds Ct,47401,Bloomington,IN,39.06294,-86.49435,279900.0,2.0,4.0,1744.0,SINGLE_FAMILY,FOR_SALE,-1,False,False,270400.0,2400.0,True,False,False,FOR_SALE,279900.0,2951815000,True,False,False,USD,USA,194400.0,2.17,acres,False,,,,,,,,,,,,
85584994,ForSale,For Sale by Agent,https://photos.zillowstatic.com/fp/83cca6898dba976c4a11e55cd81b71cc-p_e.jpg,True,/homedetails/1443-W-Adams-Hill-Cir-Bloomington-IN-47403/85584994_zpid/,FOR_SALE,House for sale,"$439,900",$440K,"1443 W Adams Hill Cir, Bloomington, IN 47403",4,4.0,2657,False,False,ForSale,For Sale (Broker),False,False,False,False,True,False,False,,False,False,Listing provided by IRMLS,Kerri Frye,Century 21 Scheetz - Bloomington,1320733000,39.138706,-86.55172,85584994,1443 W Adams Hill Cir,47403,Bloomington,IN,39.138706,-86.55172,439900.0,4.0,4.0,2657.0,SINGLE_FAMILY,FOR_SALE,-1,False,False,431500.0,2370.0,True,False,False,FOR_SALE,439900.0,1320733000,True,False,False,USD,USA,361700.0,9147.6,sqft,False,,,,,,,,,,,,
85592142,ForSale,For Sale by Agent,https://photos.zillowstatic.com/fp/bf0c9b6931f0c2e12b7b39a26cdf9b35-p_e.jpg,True,/homedetails/2730-N-Mount-Gilead-Rd-Bloomington-IN-47408/85592142_zpid/,FOR_SALE,House for sale,"$265,000",$265K,"2730 N Mount Gilead Rd, Bloomington, IN 47408",4,2.0,1912,False,False,ForSale,For Sale (Broker),False,False,False,False,True,False,False,,False,False,Listing provided by IRMLS,Andy Walker,RE/MAX Acclaimed Properties,3906384000,39.189896,-86.440765,85592142,2730 N Mount Gilead Rd,47408,Bloomington,IN,39.189896,-86.440765,265000.0,2.0,4.0,1912.0,SINGLE_FAMILY,FOR_SALE,-1,False,False,253800.0,2717.0,True,False,False,FOR_SALE,265000.0,3906384000,True,False,False,USD,USA,226000.0,2.0,acres,False,,,,,,,,,,,,
85579846,ForSale,For Sale by Agent,https://photos.zillowstatic.com/fp/aedb1386660601883127f67b2fc70b11-p_e.jpg,True,/homedetails/3746-S-McDougal-St-Bloomington-IN-47403/85579846_zpid/,FOR_SALE,House for sale,"$349,500",$350K,"3746 S McDougal St, Bloomington, IN 47403",3,3.0,1823,False,False,ForSale,For Sale (Broker),False,False,False,False,True,False,False,,False,False,Listing provided by IRMLS,Jeff Franklin,FC Tucker/Bloomington REALTORS,3903787000,39.125137,-86.55312,85579846,3746 S McDougal St,47403,Bloomington,IN,39.125137,-86.55312,349500.0,3.0,3.0,1823.0,SINGLE_FAMILY,FOR_SALE,-1,False,False,341500.0,2028.0,True,False,False,FOR_SALE,349500.0,3903787000,True,False,False,USD,USA,295500.0,7840.799999999999,sqft,False,PRICE_REDUCTION,"$10,000 (Mar 20)",1710918000000.0,"$10,000 (Mar 20)",-10000.0,,,,,,,
211072622,ForSale,For Sale by Agent,https://photos.zillowstatic.com/fp/bbb11a194996aa965015e87551d425be-p_e.jpg,True,/homedetails/3691-S-Glasgow-Cir-Bloomington-IN-47403/211072622_zpid/,FOR_SALE,House for sale,"$460,000",$460K,"3691 S Glasgow Cir, Bloomington, IN 47403",4,4.0,2496,False,False,ForSale,For Sale (Broker),False,False,False,False,True,False,False,,False,False,Listing provided by IRMLS,Sarah Williamson,Orion Real Estate LLC,1485095000,39.12999,-86.551025,211072622,3691 S Glasgow Cir,47403,Bloomington,IN,39.12999,-86.551025,460000.0,4.0,4.0,2496.0,SINGLE_FAMILY,FOR_SALE,-1,False,False,452800.0,2370.0,True,False,False,FOR_SALE,460000.0,1485095000,True,False,False,USD,USA,466800.0,8276.4,sqft,False,PRICE_REDUCTION,"$10,000 (Mar 19)",1710831600000.0,"$10,000 (Mar 19)",-10000.0,,,,,,,
85589842,ForSale,For Sale by Agent,https://photos.zillowstatic.com/fp/6a3b79693ad83a130130a98cc4ce3178-p_e.jpg,True,/homedetails/3304-W-Woodhaven-Dr-Bloomington-IN-47403/85589842_zpid/,FOR_SALE,House for sale,"$230,000",$230K,"3304 W Woodhaven Dr, Bloomington, IN 47403",3,2.0,1116,False,False,ForSale,For Sale (Broker),False,False,False,False,True,False,False,,False,False,Listing provided by IRMLS,Chelsea Kieffner,CK Realty Homes,2229967000,39.127445,-86.57401,85589842,3304 W Woodhaven Dr,47403,Bloomington,IN,39.127445,-86.57401,230000.0,2.0,3.0,1116.0,SINGLE_FAMILY,FOR_SALE,-1,False,False,224000.0,1650.0,True,False,False,FOR_SALE,230000.0,2229967000,True,False,False,USD,USA,207800.0,0.36,acres,False,,,,,,,,,,,,
211069136,ForSale,For Sale by Agent,https://photos.zillowstatic.com/fp/e9da736c897676d90640ff47c54dc57e-p_e.jpg,True,/homedetails/1631-S-Renwick-Blvd-Bloomington-IN-47401/211069136_zpid/,FOR_SALE,House for sale,"$515,000",$515K,"1631 S Renwick Blvd, Bloomington, IN 47401",3,3.0,2054,False,False,ForSale,For Sale (Broker),False,False,False,False,True,False,False,,False,False,Listing provided by IRMLS,Trish Sterling,Sterling Real Estate,1412171000,39.14862,-86.50141,211069136,1631 S Renwick Blvd,47401,Bloomington,IN,39.14862,-86.50141,515000.0,3.0,3.0,2054.0,SINGLE_FAMILY,FOR_SALE,-1,False,False,506400.0,2201.0,True,False,False,FOR_SALE,515000.0,1412171000,True,False,False,USD,USA,511500.0,4356.0,sqft,False,,,,,,,,,,,,
102879275,ForSale,For Sale by Agent,https://photos.zillowstatic.com/fp/bf0daa43641a395b5b046956846f157b-p_e.jpg,True,/homedetails/3424-S-Cedarwood-Cir-Bloomington-IN-47401/102879275_zpid/,FOR_SALE,House for sale,"$479,000",$479K,"3424 S Cedarwood Cir, Bloomington, IN 47401",4,3.0,2602,False,False,ForSale,For Sale (Broker),False,True,False,False,True,False,False,,False,False,Listing provided by IRMLS,Laura Stevens,The Indiana Team LLC,2096091000,39.130085,-86.505684,102879275,3424 S Cedarwood Cir,47401,Bloomington,IN,39.130085,-86.505684,479000.0,3.0,4.0,2602.0,SINGLE_FAMILY,FOR_SALE,-1,False,False,469100.0,2694.0,True,False,False,FOR_SALE,479000.0,2096091000,True,False,False,USD,USA,435100.0,0.26,acres,False,3D_HOME,3D Tour,,,,,,,,,,
94522904,ForSale,For Sale by Agent,https://photos.zillowstatic.com/fp/8cbde275c8d75fdf5fcbafb2691efc9d-p_e.jpg,True,/homedetails/6540-W-State-Road-45-Bloomington-IN-47403/94522904_zpid/,FOR_SALE,House for sale,"$299,900",$300K,"6540 W State Road 45, Bloomington, IN 47403",3,2.0,1824,False,False,ForSale,For Sale (Broker),False,False,False,False,True,False,False,,False,False,Listing provided by IRMLS,Andy Walker,RE/MAX Acclaimed Properties,4067092000,39.11928,-86.61984,94522904,6540 W State Road 45,47403,Bloomington,IN,39.11928,-86.61984,299900.0,2.0,3.0,1824.0,SINGLE_FAMILY,FOR_SALE,-1,False,False,288900.0,1900.0,True,False,False,FOR_SALE,299900.0,4067092000,True,False,False,USD,USA,174700.0,1.343,acres,False,,,,,,,,,,,,
94524467,ForSale,For Sale by Agent,https://photos.zillowstatic.com/fp/a5182b2e4d4387578f7687dc2163e914-p_e.jpg,True,/homedetails/2538-N-Mount-Gilead-Rd-Bloomington-IN-47408/94524467_zpid/,FOR_SALE,House for sale,"$234,900",$235K,"2538 N Mount Gilead Rd, Bloomington, IN 47408",2,2.0,1560,False,False,ForSale,For Sale (Broker),False,False,False,False,True,False,False,,False,False,Listing provided by IRMLS,Betty Mullis,Bear Real Estate Sales,2088759000,39.189934,-86.44891,94524467,2538 N Mount Gilead Rd,47408,Bloomington,IN,39.189934,-86.44891,234900.0,2.0,2.0,1560.0,SINGLE_FAMILY,FOR_SALE,-1,False,False,224000.0,2199.0,True,False,False,FOR_SALE,234900.0,2088759000,True,False,False,USD,USA,124300.0,1.0,acres,False,PRICE_REDUCTION,"$5,000 (Mar 21)",1711004400000.0,"$5,000 (Mar 21)",-5000.0,,,,,,,
94523882,ForSale,For Sale by Agent,https://photos.zillowstatic.com/fp/281dd7088225a1b2a9520d6c974658da-p_e.jpg,True,/homedetails/4755-S-Woodbine-Dr-Bloomington-IN-47403/94523882_zpid/,FOR_SALE,House for sale,"$189,900",$190K,"4755 S Woodbine Dr, Bloomington, IN 47403",2,2.0,1318,False,False,ForSale,For Sale (Broker),False,False,False,False,True,False,False,,False,False,Listing provided by IRMLS,Chris D Smith,RE/MAX Acclaimed Properties,3308738000,39.111877,-86.64255,94523882,4755 S Woodbine Dr,47403,Bloomington,IN,39.111877,-86.64255,189900.0,2.0,2.0,1318.0,SINGLE_FAMILY,FOR_SALE,-1,False,False,182400.0,1690.0,True,False,False,FOR_SALE,189900.0,3308738000,True,False,False,USD,USA,152800.0,1.2,acres,False,,,,,,,,,,,,
85579952,ForSale,For Sale by Agent,https://photos.zillowstatic.com/fp/f456ab2f9f6679e7e48b901b269263f5-p_e.jpg,True,/homedetails/1100-E-Citation-Dr-Bloomington-IN-47401/85579952_zpid/,FOR_SALE,House for sale,"$430,000",$430K,"1100 E Citation Dr, Bloomington, IN 47401",3,2.0,2059,False,False,ForSale,For Sale (Broker),False,False,False,False,True,False,False,,False,False,Listing provided by IRMLS,Deborah Tomaro,Deb Tomaro Real Estate,1495764000,39.119606,-86.522934,85579952,1100 E Citation Dr,47401,Bloomington,IN,39.119606,-86.522934,430000.0,2.0,3.0,2059.0,SINGLE_FAMILY,FOR_SALE,-1,False,False,421500.0,2500.0,True,False,False,FOR_SALE,430000.0,1495764000,True,False,False,USD,USA,372200.0,0.45,acres,False,,,,,,,,,,,,
85576189,ForSale,For Sale by Agent,https://photos.zillowstatic.com/fp/10a127439cd7791350a853e5e456357a-p_e.jpg,True,/homedetails/632-E-Northcliff-Ave-Bloomington-IN-47408/85576189_zpid/,FOR_SALE,House for sale,"$385,000",$385K,"632 E Northcliff Ave, Bloomington, IN 47408",3,3.0,1800,False,False,ForSale,For Sale (Broker),False,False,False,False,True,False,False,,False,False,Listing provided by IRMLS,Ashley Goodroad,Millican Realty,861622000,39.213985,-86.52451,85576189,632 E Northcliff Ave,47408,Bloomington,IN,39.213985,-86.52451,385000.0,3.0,3.0,1800.0,SINGLE_FAMILY,FOR_SALE,-1,False,False,377800.0,2058.0,True,False,False,FOR_SALE,385000.0,861622000,True,False,False,USD,USA,276700.0,0.46,acres,False,,,,,,,,,,,,
85591126,ForSale,For Sale by Agent,https://photos.zillowstatic.com/fp/7d1fce6a1261ae964e1f6de4cd0364e0-p_e.jpg,True,/homedetails/6115-E-State-Road-46-Bloomington-IN-47401/85591126_zpid/,FOR_SALE,House for sale,"$499,000",$499K,"6115 E State Road 46, Bloomington, IN 47401",5,3.0,3696,False,False,ForSale,For Sale (Broker),False,False,False,False,True,False,False,,False,False,Listing provided by IRMLS,Janet Lane,Century 21 Scheetz - Bloomington,4167500000,39.163616,-86.44154,85591126,6115 E State Road 46,47401,Bloomington,IN,39.163616,-86.44154,499000.0,3.0,5.0,3696.0,SINGLE_FAMILY,FOR_SALE,-1,False,False,480500.0,2981.0,True,False,False,FOR_SALE,499000.0,4167500000,True,False,False,USD,USA,371700.0,3.0,acres,False,,,,,,,,,,,,
94517369,ForSale,For Sale by Agent,https://photos.zillowstatic.com/fp/f42fd5d2eb22aa7c65c8a4214dacca86-p_e.jpg,True,/homedetails/550-N-Park-Ridge-Rd-Bloomington-IN-47408/94517369_zpid/,FOR_SALE,House for sale,"$349,900",$350K,"550 N Park Ridge Rd, Bloomington, IN 47408",4,3.0,2099,False,False,ForSale,For Sale (Broker),False,False,False,False,True,False,False,,False,False,Listing provided by IRMLS,Ron Plecher,RE/MAX Realty Professionals,2680159000,39.17128,-86.47367,94517369,550 N Park Ridge Rd,47408,Bloomington,IN,39.17128,-86.47367,349900.0,3.0,4.0,2099.0,SINGLE_FAMILY,FOR_SALE,-1,False,False,348400.0,2717.0,True,False,False,FOR_SALE,349900.0,2680159000,True,False,False,USD,USA,303400.0,0.29,acres,False,,,,,,,,,,,,
85584861,ForSale,For Sale by Agent,https://photos.zillowstatic.com/fp/244ea5afe6ff60d1611df340a2627407-p_e.jpg,True,/homedetails/1831-E-Greenbriar-Ln-Bloomington-IN-47401/85584861_zpid/,FOR_SALE,House for sale,"$390,000",$390K,"1831 E Greenbriar Ln, Bloomington, IN 47401",4,3.0,1920,False,False,ForSale,For Sale (Broker),False,False,False,False,True,False,False,,False,False,Listing provided by IRMLS,Lorraine Fowler,RE/MAX Acclaimed Properties,1471672000,39.14504,-86.51023,85584861,1831 E Greenbriar Ln,47401,Bloomington,IN,39.14504,-86.51023,390000.0,3.0,4.0,1920.0,SINGLE_FAMILY,FOR_SALE,-1,False,False,381000.0,2751.0,True,False,False,FOR_SALE,390000.0,1471672000,True,False,False,USD,USA,303700.0,0.3,acres,False,,,,,,,,,,,,
94518362,ForSale,For Sale by Agent,https://photos.zillowstatic.com/fp/a77e4f7b9a6dc7a01aa66daad1292dc0-p_e.jpg,True,/homedetails/3561-E-Stipp-Rd-Bloomington-IN-47401/94518362_zpid/,FOR_SALE,House for sale,"$349,900",$350K,"3561 E Stipp Rd, Bloomington, IN 47401",3,2.0,1923,False,False,ForSale,For Sale (Broker),False,False,False,False,True,False,False,,False,False,Listing provided by IRMLS,Bryan Paine,RE/MAX Acclaimed Properties,4398620000,39.100353,-86.49306,94518362,3561 E Stipp Rd,47401,Bloomington,IN,39.100353,-86.49306,349900.0,2.0,3.0,1923.0,SINGLE_FAMILY,FOR_SALE,-1,False,False,337500.0,2100.0,True,False,False,FOR_SALE,349900.0,4398620000,True,False,False,USD,USA,272500.0,2.5,acres,False,,,,,,,,,,,,
339780178,ForSale,New Construction,https://photos.zillowstatic.com/fp/b43fb8bfbbb94c841c71326bf05973a2-p_e.jpg,True,/homedetails/7501-W-Natalie-Dr-Bloomington-IN-47404/339780178_zpid/,FOR_SALE,New construction,"$325,000",$325K,"7501 W Natalie Dr, Bloomington, IN 47404",4,2.0,1912,False,False,ForSale,New Construction,False,True,False,False,True,False,False,NEW_CONSTRUCTION,False,False,Listing provided by IRMLS,Tracee Lutes,RE/MAX Acclaimed Properties,1812973000,39.222057,-86.63747,339780178,7501 W Natalie Dr,47404,Bloomington,IN,39.222057,-86.63747,325000.0,2.0,4.0,1912.0,SINGLE_FAMILY,FOR_SALE,-1,False,False,,,,False,False,FOR_SALE,325000.0,1812973000,True,False,False,USD,USA,1900.0,10018.800000000001,sqft,False,3D_HOME,3D Tour,,,,,,True,BUILDER_SPEC,,,
94518095,ForSale,For Sale by Agent,https://photos.zillowstatic.com/fp/ffcb4548091ef364c7810612117f4638-p_e.jpg,True,/homedetails/1583-W-Edinburgh-Bnd-Bloomington-IN-47404/94518095_zpid/,FOR_SALE,House for sale,"$285,000",$285K,"1583 W Edinburgh Bnd, Bloomington, IN 47404",3,2.0,1236,False,False,ForSale,For Sale (Broker),False,True,False,False,True,False,False,,False,False,Listing provided by IRMLS,Pilar Taylor,The Indiana Team LLC,2761979000,39.122902,-86.55053,94518095,1583 W Edinburgh Bnd,47404,Bloomington,IN,39.122902,-86.55053,285000.0,2.0,3.0,1236.0,SINGLE_FAMILY,FOR_SALE,-1,False,False,277400.0,1650.0,True,False,False,FOR_SALE,285000.0,2761979000,True,False,False,USD,USA,237300.0,8712.0,sqft,False,3D_HOME,3D Tour,,,,,,,,,,
94519664,ForSale,For Sale by Agent,https://photos.zillowstatic.com/fp/9c4eae89372d5e0608736a353f7a589d-p_e.jpg,True,/homedetails/913-Timothy-Ct-Bloomington-IN-47403/94519664_zpid/,FOR_SALE,House for sale,"$235,000",$235K,"913 Timothy Ct, Bloomington, IN 47403",3,2.0,1376,False,False,ForSale,For Sale (Broker),False,False,False,False,True,False,False,,False,False,Listing provided by IRMLS,Jason Millican,Jason Millican Group,2058139000,39.156433,-86.55729,94519664,913 Timothy Ct,47403,Bloomington,IN,39.156433,-86.55729,235000.0,2.0,3.0,1376.0,SINGLE_FAMILY,FOR_SALE,-1,False,False,229200.0,1650.0,True,False,False,FOR_SALE,235000.0,2058139000,True,False,False,USD,USA,244900.0,7405.200000000001,sqft,False,,,,,,,,,,,,
85576559,ForSale,For Sale by Agent,https://photos.zillowstatic.com/fp/29fc34abe5f33792eb968642c84724c3-p_e.jpg,True,/homedetails/821-W-Winding-Way-Bloomington-IN-47404/85576559_zpid/,FOR_SALE,House for sale,"$220,000",$220K,"821 W Winding Way, Bloomington, IN 47404",3,1.0,904,False,False,ForSale,For Sale (Broker),False,False,False,False,True,False,False,,False,False,Listing provided by IRMLS,Chris Nguyen,Century 21 Scheetz - Bloomington,1649417000,39.19786,-86.54294,85576559,821 W Winding Way,47404,Bloomington,IN,39.19786,-86.54294,220000.0,1.0,3.0,904.0,SINGLE_FAMILY,FOR_SALE,-1,False,False,214400.0,1749.0,True,False,False,FOR_SALE,220000.0,1649417000,True,False,False,USD,USA,192500.0,9583.2,sqft,False,,,,,,,,,,,,
102879001,ForSale,For Sale by Agent,https://photos.zillowstatic.com/fp/c9571ccde3fe7b7e69931bcc4eb26f0e-p_e.jpg,True,/homedetails/3013-S-Stratford-Dr-Bloomington-IN-47401/102879001_zpid/,FOR_SALE,House for sale,"$460,000",$460K,"3013 S Stratford Dr, Bloomington, IN 47401",3,3.0,2147,False,False,ForSale,For Sale (Broker),False,False,False,False,True,False,False,,False,False,Listing provided by IRMLS,Ajmal W Safi,RE/MAX Acclaimed Properties,1379508000,39.13654,-86.50919,102879001,3013 S Stratford Dr,47401,Bloomington,IN,39.13654,-86.50919,460000.0,3.0,3.0,2147.0,SINGLE_FAMILY,FOR_SALE,-1,False,False,449700.0,2028.0,True,False,False,FOR_SALE,460000.0,1379508000,True,False,False,USD,USA,329500.0,0.36,acres,False,,,,,,,,,,,,
211072620,ForSale,For Sale by Agent,https://photos.zillowstatic.com/fp/1ca90908624a8f6b63367ecf71aea54b-p_e.jpg,True,/homedetails/3453-S-Wickens-St-Bloomington-IN-47403/211072620_zpid/,FOR_SALE,House for sale,"$450,000",$450K,"3453 S Wickens St, Bloomington, IN 47403",4,4.0,3652,False,False,ForSale,For Sale (Broker),False,True,False,False,True,False,False,,False,False,Listing provided by IRMLS,Tracee Lutes,RE/MAX Acclaimed Properties,1313661000,39.130135,-86.551636,211072620,3453 S Wickens St,47403,Bloomington,IN,39.130135,-86.551636,450000.0,4.0,4.0,3652.0,SINGLE_FAMILY,FOR_SALE,-1,False,False,441500.0,2400.0,True,False,False,FOR_SALE,450000.0,1313661000,True,False,False,USD,USA,466800.0,8712.0,sqft,False,3D_HOME,3D Tour,,,,,,,,,,
102880557,ForSale,For Sale by Agent,https://photos.zillowstatic.com/fp/af387640dae90296bf521f9aaa8fb9d4-p_e.jpg,True,/homedetails/1101-S-Madison-St-Bloomington-IN-47401/102880557_zpid/,FOR_SALE,House for sale,"$390,000",$390K,"1101 S Madison St, Bloomington, IN 47401",3,3.0,2118,False,False,ForSale,For Sale (Broker),False,False,False,False,True,False,False,,False,False,Listing provided by IRMLS,Janie Ackerman,Griffin Realty Holdings LLC,3802766000,39.155457,-86.53729,102880557,1101 S Madison St,47401,Bloomington,IN,39.155457,-86.53729,390000.0,3.0,3.0,2118.0,SINGLE_FAMILY,FOR_SALE,-1,False,False,,,True,False,False,FOR_SALE,390000.0,3802766000,True,False,False,USD,USA,376700.0,8712.0,sqft,False,PRICE_REDUCTION,"$19,900 (Mar 2)",1709366400000.0,"$19,900 (Mar 2)",-19900.0,,,,,,,
2061090531,ForSale,New Construction,https://photos.zillowstatic.com/fp/38a396d89868d48f79a78d9bad73b379-p_e.jpg,True,/homedetails/4285-N-Hull-Dr-Bloomington-IN-47404/2061090531_zpid/,FOR_SALE,New construction,"$471,000",$471K,"4285 N Hull Dr, Bloomington, IN 47404",4,4.0,2555,False,False,ForSale,New Construction,False,False,False,False,True,False,False,NEW_CONSTRUCTION,False,False,Listing provided by IRMLS,Holland Nightenhelser,Jason Millican Group,1380342000,39.21428,-86.58108,2061090531,4285 N Hull Dr,47404,Bloomington,IN,39.21428,-86.58108,471000.0,4.0,4.0,2555.0,SINGLE_FAMILY,FOR_SALE,-1,False,False,469300.0,2470.0,,False,False,FOR_SALE,471000.0,1380342000,True,False,False,USD,USA,,9147.6,sqft,False,,,,,,,,True,BUILDER_SPEC,Wininger Construction,,
246896670,ForSale,For Sale by Agent,https://photos.zillowstatic.com/fp/f78c6512805571147300ca127b19ebf0-p_e.jpg,True,/homedetails/5274-N-Filbert-Dr-Bloomington-IN-47404/246896670_zpid/,FOR_SALE,House for sale,"$435,000",$435K,"5274 N Filbert Dr, Bloomington, IN 47404",5,3.0,2781,False,False,ForSale,For Sale (Broker),False,False,False,False,True,False,False,,False,False,Listing provided by IRMLS,Laura Beatty,Century 21 Scheetz - Bloomington,1632058000,39.225906,-86.59813,246896670,5274 N Filbert Dr,47404,Bloomington,IN,39.225906,-86.59813,435000.0,3.0,5.0,2781.0,SINGLE_FAMILY,FOR_SALE,-1,False,False,,,True,False,False,FOR_SALE,435000.0,1632058000,True,False,False,USD,USA,418600.0,0.36,acres,False,,,,,,,,,,,,
85577505,ForSale,For Sale by Agent,https://photos.zillowstatic.com/fp/9562c48dfe267b488b5ddce03f07360e-p_e.jpg,True,/homedetails/829-W-Rosewood-Dr-Bloomington-IN-47404/85577505_zpid/,FOR_SALE,House for sale,"$369,900",$370K,"829 W Rosewood Dr, Bloomington, IN 47404",4,3.0,2446,False,False,ForSale,For Sale (Broker),False,False,False,False,True,False,False,,False,False,Listing provided by IRMLS,Heather Neidigh-Groves,Sterling Real Estate,2676167000,39.20479,-86.54268,85577505,829 W Rosewood Dr,47404,Bloomington,IN,39.20479,-86.54268,369900.0,3.0,4.0,2446.0,SINGLE_FAMILY,FOR_SALE,-1,False,False,355600.0,2650.0,True,False,False,FOR_SALE,369900.0,2676167000,True,False,False,USD,USA,215200.0,7405.200000000001,sqft,False,,,,,,,,,,,,
250157644,ForSale,For Sale by Agent,https://photos.zillowstatic.com/fp/94bbf3b1879bc4156e8f5c1ef06e0ad2-p_e.jpg,True,/homedetails/5362-N-Andrea-Dr-Bloomington-IN-47404/250157644_zpid/,FOR_SALE,House for sale,"$447,500",$448K,"5362 N Andrea Dr, Bloomington, IN 47404",4,3.0,2999,False,False,ForSale,For Sale (Broker),False,False,False,False,True,False,False,,False,False,Listing provided by IRMLS,Kimberly Price,Brawley Real Estate,2003364000,39.22736,-86.59723,250157644,5362 N Andrea Dr,47404,Bloomington,IN,39.22736,-86.59723,447500.0,3.0,4.0,2999.0,SINGLE_FAMILY,FOR_SALE,-1,False,False,439000.0,2470.0,True,False,False,FOR_SALE,447500.0,2003364000,True,False,False,USD,USA,437700.0,10454.4,sqft,False,,,,,,,,,,,,
85576804,ForSale,For Sale by Agent,https://photos.zillowstatic.com/fp/dd4deab6ead0e0c6c8238b180824999f-p_e.jpg,True,/homedetails/4008-N-Rosewood-Dr-Bloomington-IN-47404/85576804_zpid/,FOR_SALE,House for sale,"$424,900",$425K,"4008 N Rosewood Dr, Bloomington, IN 47404",4,2.0,2394,False,False,ForSale,For Sale (Broker),False,True,False,False,True,False,False,,False,False,Listing provided by IRMLS,Aj Bowlen,RE/MAX Acclaimed Properties,1579996000,39.20619,-86.548645,85576804,4008 N Rosewood Dr,47404,Bloomington,IN,39.20619,-86.548645,424900.0,2.0,4.0,2394.0,SINGLE_FAMILY,FOR_SALE,-1,False,False,414700.0,2605.0,True,False,False,FOR_SALE,424900.0,1579996000,True,False,False,USD,USA,331700.0,8276.4,sqft,False,3D_HOME,3D Tour,,,,,,,,,,
85575030,ForSale,For Sale by Agent,https://photos.zillowstatic.com/fp/c8be2bfbc15ccb5392cef4823271fc1d-p_e.jpg,True,/homedetails/8390-N-Fox-Hollow-Rd-Bloomington-IN-47408/85575030_zpid/,FOR_SALE,House for sale,"$280,000",$280K,"8390 N Fox Hollow Rd, Bloomington, IN 47408",3,2.0,1372,False,False,ForSale,For Sale (Broker),False,False,False,False,True,False,False,,False,False,Listing provided by IRMLS,Juan Carlos Carrasquel Ccim,The JuanSells.com Realty Co,1105011000,39.287457,-86.51641,85575030,8390 N Fox Hollow Rd,47408,Bloomington,IN,39.287457,-86.51641,280000.0,2.0,3.0,1372.0,SINGLE_FAMILY,FOR_SALE,-1,False,False,271600.0,1749.0,True,False,False,FOR_SALE,280000.0,1105011000,True,False,False,USD,USA,174700.0,0.72,acres,False,,,,,,,,,,,,
85581947,ForSale,For Sale by Agent,https://photos.zillowstatic.com/fp/440e50ecada7b526a0efafa5f5dbcc56-p_e.jpg,True,/homedetails/508-W-Graham-Dr-Bloomington-IN-47403/85581947_zpid/,FOR_SALE,House for sale,"$249,900",$250K,"508 W Graham Dr, Bloomington, IN 47403",2,2.0,2091,False,False,ForSale,For Sale (Broker),False,False,False,False,True,False,False,,False,False,Listing provided by IRMLS,Mike Avila,"Signature Realty Services, LLC",3131765000,39.14001,-86.53943,85581947,508 W Graham Dr,47403,Bloomington,IN,39.14001,-86.53943,249900.0,2.0,2.0,2091.0,SINGLE_FAMILY,FOR_SALE,-1,False,False,241900.0,1893.0,True,False,False,FOR_SALE,249900.0,3131765000,True,False,False,USD,USA,226500.0,10018.800000000001,sqft,False,,,,,,,,,,,,
211076683,ForSale,Non Owner Occupied,https://photos.zillowstatic.com/fp/1054db6a8b0160c345dd6f9ed68d1d7e-p_e.jpg,True,/homedetails/228-S-Cave-Creek-Dr-Bloomington-IN-47403/211076683_zpid/,FOR_SALE,Foreclosure,"$439,900",$440K,"228 S Cave Creek Dr, Bloomington, IN 47403",4,3.0,3176,False,False,ForSale,Foreclosure,False,False,False,False,True,False,False,,False,False,Listing provided by IRMLS,Linda Dzierba,Dzierba Real Estate Services,2076633000,39.16072,-86.60095,211076683,228 S Cave Creek Dr,47403,Bloomington,IN,39.16072,-86.60095,439900.0,3.0,4.0,3176.0,SINGLE_FAMILY,FOR_SALE,-1,False,False,,2400.0,,False,False,FOR_SALE,439900.0,2076633000,True,False,False,USD,USA,476300.0,8712.0,sqft,False,,,,,,,,,,,True,
85584042,ForSale,For Sale by Agent,https://photos.zillowstatic.com/fp/ab8b331f69535a27056f5631502fceeb-p_e.jpg,True,/homedetails/1100-E-Benson-Ct-Bloomington-IN-47401/85584042_zpid/,FOR_SALE,House for sale,"$515,000",$515K,"1100 E Benson Ct, Bloomington, IN 47401",4,3.0,2223,False,False,ForSale,For Sale (Broker),False,False,False,False,True,False,False,,False,False,Listing provided by IRMLS,Michelle Fritch,Picket Fence Real Estate Co LLC,1758775000,39.121857,-86.52038,85584042,1100 E Benson Ct,47401,Bloomington,IN,39.121857,-86.52038,515000.0,3.0,4.0,2223.0,SINGLE_FAMILY,FOR_SALE,-1,False,False,502400.0,2429.0,True,False,False,FOR_SALE,515000.0,1758775000,True,False,False,USD,USA,375800.0,0.81,acres,False,,,,,,,,,,,,
94519280,ForSale,For Sale by Agent,https://photos.zillowstatic.com/fp/fba1e9328bb19c0fa419741f519a0b8d-p_e.jpg,True,/homedetails/2615-S-Rockport-Rd-Bloomington-IN-47403/94519280_zpid/,FOR_SALE,House for sale,"$234,900",$235K,"2615 S Rockport Rd, Bloomington, IN 47403",2,1.0,826,False,False,ForSale,For Sale (Broker),False,False,False,False,True,False,False,,False,False,Listing provided by IRMLS,Betty Mullis,Bear Real Estate Sales,3281836000,39.139008,-86.54577,94519280,2615 S Rockport Rd,47403,Bloomington,IN,39.139008,-86.54577,234900.0,1.0,2.0,826.0,SINGLE_FAMILY,FOR_SALE,-1,False,False,227600.0,1212.0,True,False,False,FOR_SALE,234900.0,3281836000,True,False,False,USD,USA,138500.0,8712.0,sqft,False,PRICE_REDUCTION,"$15,000 (Mar 21)",1711004400000.0,"$15,000 (Mar 21)",-15000.0,,,,,,,
85580197,ForSale,For Sale by Agent,https://photos.zillowstatic.com/fp/4f0f92462fa39ffc2af2d60fdbc4f4af-p_e.jpg,True,/homedetails/1215-S-Barnes-Dr-Bloomington-IN-47401/85580197_zpid/,FOR_SALE,House for sale,"$475,000",$475K,"1215 S Barnes Dr, Bloomington, IN 47401",4,3.0,2182,False,False,ForSale,For Sale (Broker),False,False,False,False,True,False,False,,False,False,Listing provided by IRMLS,Pilar Taylor,The Indiana Team LLC,3998296000,39.15437,-86.46784,85580197,1215 S Barnes Dr,47401,Bloomington,IN,39.15437,-86.46784,475000.0,3.0,4.0,2182.0,SINGLE_FAMILY,FOR_SALE,-1,False,False,471200.0,2858.0,True,False,False,FOR_SALE,475000.0,3998296000,True,False,False,USD,USA,460500.0,0.28,acres,False,,,,,,,,,,,,
85580768,ForSale,For Sale by Agent,https://photos.zillowstatic.com/fp/8187b2af9707f13318ef507b15a1422c-p_e.jpg,True,/homedetails/821-S-Cory-Ln-Bloomington-IN-47403/85580768_zpid/,FOR_SALE,House for sale,"$184,900",$185K,"821 S Cory Ln, Bloomington, IN 47403",2,2.0,1296,False,False,ForSale,For Sale (Broker),False,False,False,False,True,False,False,,False,False,Listing provided by IRMLS,Aj Bowlen,RE/MAX Acclaimed Properties,4602122000,39.158382,-86.55958,85580768,821 S Cory Ln,47403,Bloomington,IN,39.158382,-86.55958,184900.0,2.0,2.0,1296.0,SINGLE_FAMILY,FOR_SALE,-1,False,False,176500.0,1700.0,True,False,False,FOR_SALE,184900.0,4602122000,True,False,False,USD,USA,149000.0,0.5,acres,False,,,,,,,,,,,,
85579708,ForSale,For Sale by Agent,https://photos.zillowstatic.com/fp/78783ae5b88dc833fd17db4454709c3a-p_e.jpg,True,/homedetails/1521-W-Edinburgh-Bnd-Bloomington-IN-47403/85579708_zpid/,FOR_SALE,House for sale,"$264,900",$265K,"1521 W Edinburgh Bnd, Bloomington, IN 47403",3,2.0,1038,False,False,ForSale,For Sale (Broker),False,False,False,False,True,False,False,,False,False,Listing provided by IRMLS,Trish Sterling,Sterling Real Estate,3447995000,39.123512,-86.549385,85579708,1521 W Edinburgh Bnd,47403,Bloomington,IN,39.123512,-86.549385,264900.0,2.0,3.0,1038.0,SINGLE_FAMILY,FOR_SALE,-1,False,False,258700.0,1599.0,True,False,False,FOR_SALE,264900.0,3447995000,True,False,False,USD,USA,221500.0,6098.400000000001,sqft,False,,,,,,,,,,,,
85580220,ForSale,For Sale by Agent,https://photos.zillowstatic.com/fp/31d597409bf2dbe765f17b8a46ac29b7-p_e.jpg,True,/homedetails/1202-S-Donington-Ct-Bloomington-IN-47401/85580220_zpid/,FOR_SALE,House for sale,"$445,000",$445K,"1202 S Donington Ct, Bloomington, IN 47401",4,3.0,2186,False,False,ForSale,For Sale (Broker),False,False,False,False,True,False,False,,False,False,Listing provided by IRMLS,Kristen Tallent,Stellar Realty Group,2879069000,39.154976,-86.469604,85580220,1202 S Donington Ct,47401,Bloomington,IN,39.154976,-86.469604,445000.0,3.0,4.0,2186.0,SINGLE_FAMILY,FOR_SALE,-1,False,False,435000.0,2858.0,True,False,False,FOR_SALE,445000.0,2879069000,True,False,False,USD,USA,402200.0,0.25,acres,False,,,,,,,,,,,,
85592780,ForSale,For Sale by Agent,https://photos.zillowstatic.com/fp/e12483c8bbdc52e64af1a8d41d5411db-p_e.jpg,True,/homedetails/8292-S-Mackenzie-Ct-Bloomington-IN-47401/85592780_zpid/,FOR_SALE,House for sale,"$515,000",$515K,"8292 S Mackenzie Ct, Bloomington, IN 47401",4,4.0,3603,False,False,ForSale,For Sale (Broker),False,False,False,False,True,False,False,,False,False,Listing provided by IRMLS,Janet Jin,RE/MAX Acclaimed Properties,2040419000,39.050938,-86.51084,85592780,8292 S Mackenzie Ct,47401,Bloomington,IN,39.050938,-86.51084,515000.0,4.0,4.0,3603.0,SINGLE_FAMILY,FOR_SALE,-1,False,False,501700.0,4703.0,True,False,False,FOR_SALE,515000.0,2040419000,True,False,False,USD,USA,547400.0,1.23,acres,False,,,,,,,,,,,,
102875764,ForSale,For Sale by Agent,https://photos.zillowstatic.com/fp/1efd701d610662229b1c8023557e2360-p_e.jpg,True,/homedetails/4792-N-Conti-St-Bloomington-IN-47404/102875764_zpid/,FOR_SALE,House for sale,"$379,900",$380K,"4792 N Conti St, Bloomington, IN 47404",3,4.0,2976,False,False,ForSale,For Sale (Broker),False,False,False,False,True,False,False,,False,False,Listing provided by IRMLS,Alice Chastain,RE/MAX Acclaimed Properties,2681969000,39.21975,-86.5896,102875764,4792 N Conti St,47404,Bloomington,IN,39.21975,-86.5896,379900.0,4.0,3.0,2976.0,SINGLE_FAMILY,FOR_SALE,-1,False,False,370200.0,2058.0,True,False,False,FOR_SALE,379900.0,2681969000,True,False,False,USD,USA,386000.0,6969.6,sqft,False,,,,,,,,,,,,
85577073,ForSale,For Sale by Agent,https://photos.zillowstatic.com/fp/88ef3613843aff395e587ab6fe77ec24-p_e.jpg,True,/homedetails/2425-N-Headley-Rd-Bloomington-IN-47408/85577073_zpid/,FOR_SALE,House for sale,"$315,000",$315K,"2425 N Headley Rd, Bloomington, IN 47408",3,2.0,1200,False,False,ForSale,For Sale (Broker),False,False,False,False,True,False,False,,False,False,Listing provided by IRMLS,Will Candelaria,Century 21 Scheetz - Bloomington,2691145000,39.188454,-86.514854,85577073,2425 N Headley Rd,47408,Bloomington,IN,39.188454,-86.514854,315000.0,2.0,3.0,1200.0,SINGLE_FAMILY,FOR_SALE,-1,False,False,304600.0,3292.0,True,False,False,FOR_SALE,315000.0,2691145000,True,False,False,USD,USA,201000.0,0.79,acres,False,,,,,,,,,,,,
102879735,ForSale,For Sale by Agent,https://photos.zillowstatic.com/fp/c7fdd59a187457ce0d6a4476c0d8b2df-p_e.jpg,True,/homedetails/3342-S-Dawson-Ln-Bloomington-IN-47403/102879735_zpid/,FOR_SALE,House for sale,"$299,900",$300K,"3342 S Dawson Ln, Bloomington, IN 47403",3,2.0,1440,False,False,ForSale,For Sale (Broker),False,False,False,False,True,False,False,,False,False,Listing provided by IRMLS,Melissa Junken,FC Tucker/Bloomington REALTORS,2939017000,39.12724,-86.555275,102879735,3342 S Dawson Ln,47403,Bloomington,IN,39.12724,-86.555275,299900.0,2.0,3.0,1440.0,SINGLE_FAMILY,FOR_SALE,-1,False,False,293700.0,1650.0,True,False,False,FOR_SALE,299900.0,2939017000,True,False,False,USD,USA,280800.0,7840.799999999999,sqft,False,,,,,,,,,,,,
94517011,ForSale,For Sale by Agent,https://photos.zillowstatic.com/fp/2206957ec5a28d1b0b80bd64feebb819-p_e.jpg,True,/homedetails/2408-E-5th-St-Bloomington-IN-47404/94517011_zpid/,FOR_SALE,House for sale,"$275,000",$275K,"2408 E 5th St, Bloomington, IN 47404",3,1.0,1224,False,False,ForSale,For Sale (Broker),False,False,False,False,True,False,False,,False,False,Listing provided by IRMLS,Sarah Perfetti,Northwest Indiana Real Estate,1380465000,39.16654,-86.50434,94517011,2408 E 5th St,47404,Bloomington,IN,39.16654,-86.50434,275000.0,1.0,3.0,1224.0,SINGLE_FAMILY,FOR_SALE,-1,False,False,265800.0,1875.0,True,False,False,FOR_SALE,275000.0,1380465000,True,False,False,USD,USA,200600.0,10454.4,sqft,False,,,,,,,,,,,,
85576706,ForSale,For Sale by Agent,https://photos.zillowstatic.com/fp/1461596908d8dd8a171d71b7689c7f55-p_e.jpg,True,/homedetails/703-N-Park-Ridge-Rd-Bloomington-IN-47408/85576706_zpid/,FOR_SALE,House for sale,"$399,900",$400K,"703 N Park Ridge Rd, Bloomington, IN 47408",4,3.0,2019,False,False,ForSale,For Sale (Broker),False,False,False,False,True,False,False,,False,False,Listing provided by IRMLS,Andy Walker,RE/MAX Acclaimed Properties,7089674000,39.173008,-86.47317,85576706,703 N Park Ridge Rd,47408,Bloomington,IN,39.173008,-86.47317,399900.0,3.0,4.0,2019.0,SINGLE_FAMILY,FOR_SALE,-1,False,False,386400.0,2753.0,True,False,False,FOR_SALE,399900.0,7089674000,True,False,False,USD,USA,318000.0,7405.200000000001,sqft,False,,,,,,,,,,,,
85585963,ForSale,For Sale by Agent,https://photos.zillowstatic.com/fp/8305c672b7d30317afff39175c0f0fe7-p_e.jpg,True,/homedetails/714-E-Allendale-Dr-Bloomington-IN-47401/85585963_zpid/,FOR_SALE,House for sale,"$409,900",$410K,"714 E Allendale Dr, Bloomington, IN 47401",5,3.0,2410,False,False,ForSale,For Sale (Broker),False,False,False,False,True,False,False,,False,False,Listing provided by IRMLS,Zakary Szymanski,Stellar Realty Group,2529881000,39.130455,-86.52523,85585963,714 E Allendale Dr,47401,Bloomington,IN,39.130455,-86.52523,409900.0,3.0,5.0,2410.0,SINGLE_FAMILY,FOR_SALE,-1,False,False,399000.0,2400.0,True,False,False,FOR_SALE,409900.0,2529881000,True,False,False,USD,USA,374500.0,0.25,acres,False,PRICE_REDUCTION,"$5,100 (Mar 14)",1710399600000.0,"$5,100 (Mar 14)",-5100.0,,,,,,,
94515701,ForSale,For Sale by Agent,https://photos.zillowstatic.com/fp/60bf899809e7d638dfb94fa8ad28ebf9-p_e.jpg,True,/homedetails/3211-N-Obrien-Pl-Bloomington-IN-47404/94515701_zpid/,FOR_SALE,House for sale,"$289,900",$290K,"3211 N Obrien Pl, Bloomington, IN 47404",4,2.0,1392,False,False,ForSale,For Sale (Broker),False,False,False,False,True,False,False,,False,False,Listing provided by IRMLS,Bryan Paine,RE/MAX Acclaimed Properties,2325702000,39.19556,-86.54495,94515701,3211 N Obrien Pl,47404,Bloomington,IN,39.19556,-86.54495,289900.0,2.0,4.0,1392.0,SINGLE_FAMILY,FOR_SALE,-1,False,False,283000.0,2526.0,True,False,False,FOR_SALE,289900.0,2325702000,True,False,False,USD,USA,182500.0,7405.200000000001,sqft,False,,,,,,,,,,,,
124615565,ForSale,For Sale by Agent,https://photos.zillowstatic.com/fp/a9be02bba5a687abfb52a02b2090eabc-p_e.jpg,True,/homedetails/5760-S-Handy-Rd-Bloomington-IN-47401/124615565_zpid/,FOR_SALE,House for sale,"$349,900",$350K,"5760 S Handy Rd, Bloomington, IN 47401",4,3.0,2900,False,False,ForSale,For Sale (Broker),False,False,False,False,True,False,False,,False,False,Listing provided by IRMLS,Steve Lew,Steve Lew Real Estate Group,1745791000,39.094017,-86.49209,124615565,5760 S Handy Rd,47401,Bloomington,IN,39.094017,-86.49209,349900.0,3.0,4.0,2900.0,SINGLE_FAMILY,FOR_SALE,-1,False,False,,,True,False,False,FOR_SALE,349900.0,1745791000,True,False,False,USD,USA,193800.0,1.91,acres,False,,,,,,,,,,,,
85582996,ForSale,For Sale by Agent,https://photos.zillowstatic.com/fp/86a914a56bcf87a524b54295fb8371f5-p_e.jpg,True,/homedetails/2807-S-Elizabeth-Ct-Bloomington-IN-47401/85582996_zpid/,FOR_SALE,House for sale,"$525,000",$525K,"2807 S Elizabeth Ct, Bloomington, IN 47401",4,3.0,3000,False,False,ForSale,For Sale (Broker),False,True,False,False,True,False,False,,False,False,Listing provided by IRMLS,Juan Carlos Carrasquel Ccim,The JuanSells.com Realty Co,5003330000,39.142326,-86.4935,85582996,2807 S Elizabeth Ct,47401,Bloomington,IN,39.142326,-86.4935,525000.0,3.0,4.0,3000.0,SINGLE_FAMILY,FOR_SALE,-1,False,False,510000.0,2999.0,True,False,False,FOR_SALE,525000.0,5003330000,True,False,False,USD,USA,465700.0,0.38,acres,False,3D_HOME,3D Tour,1707638400000.0,"$15,000 (Feb 11)",-15000.0,,,,,,,
211055470,ForSale,For Sale by Agent,https://photos.zillowstatic.com/fp/03a0875e4d3a82aaa69f4f9ffed8fbbc-p_e.jpg,True,/homedetails/1270-W-Olivia-Ct-Bloomington-IN-47404/211055470_zpid/,FOR_SALE,House for sale,"$374,900",$375K,"1270 W Olivia Ct, Bloomington, IN 47404",4,3.0,1760,False,False,ForSale,For Sale (Broker),False,False,False,False,True,False,False,,False,False,Listing provided by IRMLS,Kelly Tabereaux,FC Tucker/Bloomington REALTORS,1731950000,39.205303,-86.5513,211055470,1270 W Olivia Ct,47404,Bloomington,IN,39.205303,-86.5513,374900.0,3.0,4.0,1760.0,SINGLE_FAMILY,FOR_SALE,-1,False,False,368300.0,2584.0,True,False,False,FOR_SALE,374900.0,1731950000,True,False,False,USD,USA,313700.0,5662.8,sqft,False,,,,,,,,,,,,
2052842059,ForSale,For Sale by Agent,https://photos.zillowstatic.com/fp/d127899f4b3dbd90a31e4fc68af4d4a6-p_e.jpg,True,/homedetails/7526-W-Justice-Ave-Bloomington-IN-47404/2052842059_zpid/,FOR_SALE,House for sale,"$325,000",$325K,"7526 W Justice Ave, Bloomington, IN 47404",3,2.0,1513,False,False,ForSale,For Sale (Broker),False,False,False,False,True,False,False,,False,False,Listing provided by IRMLS,Cortney Walcott,Century 21 Scheetz - Bloomington,4774989000,39.22411,-86.639084,2052842059,7526 W Justice Ave,47404,Bloomington,IN,39.22411,-86.639084,325000.0,2.0,3.0,1513.0,SINGLE_FAMILY,FOR_SALE,-1,False,False,321100.0,1900.0,True,False,False,FOR_SALE,325000.0,4774989000,True,False,False,USD,USA,,10018.800000000001,sqft,False,,,,,,,,,,,,
85577594,ForSale,For Sale by Agent,https://photos.zillowstatic.com/fp/f447cecb7f5029bdaf65eecadb5a9f01-p_e.jpg,True,/homedetails/3708-E-Tamarron-Dr-Bloomington-IN-47408/85577594_zpid/,FOR_SALE,House for sale,"$515,000",$515K,"3708 E Tamarron Dr, Bloomington, IN 47408",4,4.0,3608,False,False,ForSale,For Sale (Broker),False,False,False,False,True,False,False,,False,False,Listing provided by IRMLS,Ajmal W Safi,RE/MAX Acclaimed Properties,3206462000,39.17403,-86.48532,85577594,3708 E Tamarron Dr,47408,Bloomington,IN,39.17403,-86.48532,515000.0,4.0,4.0,3608.0,SINGLE_FAMILY,FOR_SALE,-1,False,False,496500.0,2995.0,True,False,False,FOR_SALE,515000.0,3206462000,True,False,False,USD,USA,434400.0,0.0,sqft,False,,,,,,,,,,,,
85585472,ForSale,For Sale by Agent,https://photos.zillowstatic.com/fp/8eb60a0b339bd6ebd3a9351e9b3ecde7-p_e.jpg,True,/homedetails/2505-E-Clay-Ct-Bloomington-IN-47401/85585472_zpid/,FOR_SALE,House for sale,"$419,900",$420K,"2505 E Clay Ct, Bloomington, IN 47401",3,3.0,1826,False,False,ForSale,For Sale (Broker),False,False,False,False,True,False,False,,False,False,Listing provided by IRMLS,Cory Grass,RE/MAX Acclaimed Properties,1324981000,39.126144,-86.50679,85585472,2505 E Clay Ct,47401,Bloomington,IN,39.126144,-86.50679,419900.0,3.0,3.0,1826.0,SINGLE_FAMILY,FOR_SALE,-1,False,False,412000.0,2199.0,True,False,False,FOR_SALE,419900.0,1324981000,True,False,False,USD,USA,303700.0,6534.0,sqft,False,,,,,,,,,,,,
85586127,ForSale,For Sale by Agent,https://photos.zillowstatic.com/fp/a71c36f6babb3ffca70997bbf03992c6-p_e.jpg,True,/homedetails/815-S-Grant-St-Bloomington-IN-47401/85586127_zpid/,FOR_SALE,House for sale,"$320,000",$320K,"815 S Grant St, Bloomington, IN 47401",2,1.0,1050,False,False,ForSale,For Sale (Broker),False,False,False,False,True,False,False,,False,False,Listing provided by IRMLS,Avery Thatcher,Thatcher Real Estate,2952494000,39.156837,-86.52998,85586127,815 S Grant St,47401,Bloomington,IN,39.156837,-86.52998,320000.0,1.0,2.0,1050.0,SINGLE_FAMILY,FOR_SALE,-1,False,False,314700.0,1400.0,True,False,False,FOR_SALE,320000.0,2952494000,True,False,False,USD,USA,307100.0,0.32,acres,False,,,,,,,,,,,,
85590178,ForSale,For Sale by Agent,https://photos.zillowstatic.com/fp/75d2117518ef5911b4a14952e1191658-p_e.jpg,True,/homedetails/3738-Sims-Ln-Bloomington-IN-47403/85590178_zpid/,FOR_SALE,House for sale,"$209,900",$210K,"3738 Sims Ln, Bloomington, IN 47403",3,2.0,864,False,False,ForSale,For Sale (Broker),False,False,False,False,True,False,False,,False,False,Listing provided by IRMLS,Jason Millican,Jason Millican Group,5792127000,39.124718,-86.57827,85590178,3738 Sims Ln,47403,Bloomington,IN,39.124718,-86.57827,209900.0,2.0,3.0,864.0,SINGLE_FAMILY,FOR_SALE,-1,False,False,,1650.0,True,False,False,FOR_SALE,209900.0,5792127000,True,False,False,USD,USA,135500.0,0.259,acres,False,PRICE_REDUCTION,"$4,100 (Feb 29)",1709193600000.0,"$4,100 (Feb 29)",-4100.0,,,,,,,
211077095,ForSale,For Sale by Agent,https://photos.zillowstatic.com/fp/80ad168dea7810ab91ababce7be4ad86-p_e.jpg,True,/homedetails/5349-W-Stonewood-Dr-Bloomington-IN-47404/211077095_zpid/,FOR_SALE,House for sale,"$449,900",$450K,"5349 W Stonewood Dr, Bloomington, IN 47404",3,3.0,2560,False,False,ForSale,For Sale (Broker),False,False,False,False,True,False,False,,False,False,Listing provided by IRMLS,Brooke Hoffa,Century 21 Scheetz - Bloomington,2187232000,39.156113,-86.59611,211077095,5349 W Stonewood Dr,47404,Bloomington,IN,39.156113,-86.59611,449900.0,3.0,3.0,2560.0,SINGLE_FAMILY,FOR_SALE,-1,False,False,439800.0,2544.0,True,False,False,FOR_SALE,449900.0,2187232000,True,False,False,USD,USA,383900.0,7405.200000000001,sqft,False,,,,,,,,,,,,
85592886,ForSale,For Sale by Agent,https://photos.zillowstatic.com/fp/bf1ef97e02b94a7af11668cbcd1abb57-p_e.jpg,True,/homedetails/3875-E-Will-Sowders-Rd-Bloomington-IN-47401/85592886_zpid/,FOR_SALE,House for sale,"$350,000",$350K,"3875 E Will Sowders Rd, Bloomington, IN 47401",3,1.0,912,False,False,ForSale,For Sale (Broker),False,False,False,False,True,False,False,,False,False,Listing provided by IRMLS,Brittany Holman,Sycamore Real Estate Group,4397799000,39.055748,-86.4839,85592886,3875 E Will Sowders Rd,47401,Bloomington,IN,39.055748,-86.4839,350000.0,1.0,3.0,912.0,SINGLE_FAMILY,FOR_SALE,-1,False,False,336900.0,1440.0,True,False,False,FOR_SALE,350000.0,4397799000,True,False,False,USD,USA,212400.0,2.08,acres,False,,,,,,,,,,,,
85578165,ForSale,For Sale by Agent,https://photos.zillowstatic.com/fp/ba6f42c74c0538c9addf6613e8204355-p_e.jpg,True,/homedetails/2994-N-Bankers-Dr-Bloomington-IN-47408/85578165_zpid/,FOR_SALE,House for sale,"$409,900",$410K,"2994 N Bankers Dr, Bloomington, IN 47408",4,3.0,2216,False,False,ForSale,For Sale (Broker),False,False,False,False,True,False,False,,False,False,Listing provided by IRMLS,Mary Jane Hall,FC Tucker/Bloomington REALTORS,2347047000,39.200356,-86.53214,85578165,2994 N Bankers Dr,47408,Bloomington,IN,39.200356,-86.53214,409900.0,3.0,4.0,2216.0,SINGLE_FAMILY,FOR_SALE,-1,False,False,398600.0,3740.0,True,False,False,FOR_SALE,409900.0,2347047000,True,False,False,USD,USA,339100.0,0.45,acres,False,PRICE_REDUCTION,"$15,100 (Feb 26)",1708934400000.0,"$15,100 (Feb 26)",-15100.0,,,,,,,
2070894139,ForSale,For Sale by Agent,https://photos.zillowstatic.com/fp/06e6c9d34e3c38cffe2c91fa2e2676c8-p_e.jpg,True,/homedetails/4346-S-Rotterdam-Dr-Bloomington-IN-47401/2070894139_zpid/,FOR_SALE,House for sale,"$537,500",$538K,"4346 S Rotterdam Dr, Bloomington, IN 47401",3,2.0,2200,False,False,ForSale,For Sale (Broker),False,False,False,False,True,False,False,,False,False,Listing provided by IRMLS,Bryan Paine,RE/MAX Acclaimed Properties,1713672000,39.117107,-86.522835,2070894139,4346 S Rotterdam Dr,47401,Bloomington,IN,39.117107,-86.522835,537500.0,2.0,3.0,2200.0,SINGLE_FAMILY,FOR_SALE,-1,False,False,536200.0,2700.0,True,False,False,FOR_SALE,537500.0,1713672000,True,False,False,USD,USA,,9583.2,sqft,False,,,,,,,,,,,,
85580232,ForSale,For Sale by Agent,https://photos.zillowstatic.com/fp/52892340e12aeb3b3f451f64edcc9a4c-p_e.jpg,True,/homedetails/4605-E-Donington-Dr-Bloomington-IN-47401/85580232_zpid/,FOR_SALE,House for sale,"$338,900",$339K,"4605 E Donington Dr, Bloomington, IN 47401",2,2.0,1478,False,False,ForSale,For Sale (Broker),False,False,False,False,True,False,False,,False,False,Listing provided by IRMLS,Lynne Chang,RE/MAX Acclaimed Properties,3478280000,39.1569,-86.468124,85580232,4605 E Donington Dr,47401,Bloomington,IN,39.1569,-86.468124,338900.0,2.0,2.0,1478.0,SINGLE_FAMILY,FOR_SALE,-1,False,False,330500.0,1797.0,True,False,False,FOR_SALE,338900.0,3478280000,True,False,False,USD,USA,335200.0,10018.800000000001,sqft,False,,,,,,,,,,,,
94523751,ForSale,For Sale by Agent,https://photos.zillowstatic.com/fp/82d6df6645d19ad548bcd1206c374449-p_e.jpg,True,/homedetails/621-S-Village-Dr-Bloomington-IN-47403/94523751_zpid/,FOR_SALE,House for sale,"$255,000",$255K,"621 S Village Dr, Bloomington, IN 47403",3,2.0,1073,False,False,ForSale,For Sale (Broker),False,False,False,False,True,False,False,,False,False,Listing provided by IRMLS,Todd Loucks,RE/MAX Connection,3298524000,39.16131,-86.58353,94523751,621 S Village Dr,47403,Bloomington,IN,39.16131,-86.58353,255000.0,2.0,3.0,1073.0,SINGLE_FAMILY,FOR_SALE,-1,False,False,248400.0,1599.0,True,False,False,FOR_SALE,255000.0,3298524000,True,False,False,USD,USA,176600.0,8712.0,sqft,False,,,,,,,,,,,,
102881674,ForSale,For Sale by Agent,https://photos.zillowstatic.com/fp/93f56e2061914c2c05eae1c7a8be6c0a-p_e.jpg,True,/homedetails/4849-S-Stansifer-Ln-Bloomington-IN-47403/102881674_zpid/,FOR_SALE,House for sale,"$199,900",$200K,"4849 S Stansifer Ln, Bloomington, IN 47403",3,1.0,1008,False,False,ForSale,For Sale (Broker),False,False,False,False,True,False,False,,False,False,Listing provided by IRMLS,Lori A Todd,Choice Realty & Management,5873370000,39.10728,-86.573654,102881674,4849 S Stansifer Ln,47403,Bloomington,IN,39.10728,-86.573654,199900.0,1.0,3.0,1008.0,SINGLE_FAMILY,FOR_SALE,-1,False,False,191600.0,1599.0,True,False,False,FOR_SALE,199900.0,5873370000,True,False,False,USD,USA,135000.0,0.51,acres,False,,,,,,,,,,,,
94522234,ForSale,For Sale by Agent,https://photos.zillowstatic.com/fp/8eaccf5da26f9b2e736f3326fa2c61a7-p_e.jpg,True,/homedetails/1305-S-Park-Ave-Bloomington-IN-47401/94522234_zpid/,FOR_SALE,House for sale,"$399,000",$399K,"1305 S Park Ave, Bloomington, IN 47401",3,2.0,1828,False,False,ForSale,For Sale (Broker),False,False,False,False,True,False,False,,False,False,Listing provided by IRMLS,Amie Ramsey,Valu-net Realty,4416435000,39.151897,-86.52339,94522234,1305 S Park Ave,47401,Bloomington,IN,39.151897,-86.52339,399000.0,2.0,3.0,1828.0,SINGLE_FAMILY,FOR_SALE,-1,False,False,391200.0,2028.0,True,False,False,FOR_SALE,399000.0,4416435000,True,False,False,USD,USA,264500.0,8276.4,sqft,False,PRICE_REDUCTION,"$10,000 (Mar 20)",1710918000000.0,"$10,000 (Mar 20)",-10000.0,,,,,,,
344096848,ForSale,For Sale by Agent,https://photos.zillowstatic.com/fp/9efda4f77e460c34b0004bf3c604969c-p_e.jpg,True,/homedetails/113-E-Southern-Dr-1-Bloomington-IN-47401/344096848_zpid/,FOR_SALE,House for sale,"$513,000",$513K,"113 E Southern Dr #1, Bloomington, IN 47401",2,2.0,2008,False,False,ForSale,For Sale (Broker),False,True,False,False,True,False,False,,False,False,Listing provided by IRMLS,Juan Carlos Carrasquel Ccim,The JuanSells.com Realty Co,2353696000,39.149944,-86.53278,344096848,113 E Southern Dr #1,47401,Bloomington,IN,39.149944,-86.53278,513000.0,2.0,2.0,2008.0,SINGLE_FAMILY,FOR_SALE,-1,False,False,500600.0,1800.0,True,False,False,FOR_SALE,513000.0,2353696000,True,False,False,USD,USA,,8276.4,sqft,False,3D_HOME,3D Tour,1710140400000.0,"$2,000 (Mar 11)",-2000.0,,,,,,,# 1
102880540,ForSale,For Sale by Agent,https://photos.zillowstatic.com/fp/962763fa943e791c289059e7f84e2062-p_e.jpg,True,/homedetails/341-S-Madison-St-Bloomington-IN-47403/102880540_zpid/,FOR_SALE,House for sale,"$225,000",$225K,"341 S Madison St, Bloomington, IN 47403",2,1.0,948,False,False,ForSale,For Sale (Broker),False,False,False,False,True,False,False,,False,False,Listing provided by IRMLS,Chris D Smith,RE/MAX Acclaimed Properties,5115756000,39.163307,-86.53716,102880540,341 S Madison St,47403,Bloomington,IN,39.163307,-86.53716,225000.0,1.0,2.0,948.0,SINGLE_FAMILY,FOR_SALE,-1,False,False,215300.0,1460.0,True,False,False,FOR_SALE,225000.0,5115756000,True,False,False,USD,USA,165300.0,3920.3999999999996,sqft,False,,,,,,,,,,,,
2055287008,ForSale,New Construction,https://photos.zillowstatic.com/fp/2a528504429d7a918a46f9ba16a45b98-p_e.jpg,True,/homedetails/7612-N-Saddle-Gate-Dr-Bloomington-IN-47404/2055287008_zpid/,FOR_SALE,New construction,"$499,995",$500K,"7612 N Saddle Gate Dr, Bloomington, IN 47404",3,3.0,2244,False,False,ForSale,New Construction,False,False,False,False,True,False,False,NEW_CONSTRUCTION,False,False,Listing provided by IRMLS,Kristy Whiteaker,Barberry Realty,5712300000,39.23007,-86.64082,2055287008,7612 N Saddle Gate Dr,47404,Bloomington,IN,39.23007,-86.64082,499995.0,3.0,3.0,2244.0,SINGLE_FAMILY,FOR_SALE,-1,False,False,490600.0,2228.0,,False,False,FOR_SALE,499995.0,5712300000,True,False,False,USD,USA,,0.265,acres,False,,,,,,,,True,BUILDER_SPEC,Barberry Homes,,
331544456,ForSale,For Sale by Agent,https://photos.zillowstatic.com/fp/7d1e8ba1374a734f68aeba0188a8808f-p_e.jpg,True,/homedetails/1348-E-Short-St-Bloomington-IN-47401/331544456_zpid/,FOR_SALE,House for sale,"$389,000",$389K,"1348 E Short St, Bloomington, IN 47401",3,2.0,1260,False,False,ForSale,For Sale (Broker),False,False,False,False,True,False,False,,False,False,Listing provided by IRMLS,Zakary Szymanski,Stellar Realty Group,6229606000,39.14368,-86.51429,331544456,1348 E Short St,47401,Bloomington,IN,39.14368,-86.51429,389000.0,2.0,3.0,1260.0,SINGLE_FAMILY,FOR_SALE,-1,False,False,383700.0,1599.0,True,False,False,FOR_SALE,389000.0,6229606000,True,False,False,USD,USA,415200.0,1306.8,sqft,False,,,,,,,,,,,,
211075785,ForSale,New Construction,https://photos.zillowstatic.com/fp/955150f82c1a0221d8f14f2b37e83f9b-p_e.jpg,True,/homedetails/5759-S-Glenview-Dr-Bloomington-IN-47403/211075785_zpid/,FOR_SALE,New construction,"$549,900",$550K,"5759 S Glenview Dr, Bloomington, IN 47403",4,3.0,2516,False,False,ForSale,New Construction,False,False,False,False,True,False,False,NEW_CONSTRUCTION,False,False,Listing provided by IRMLS,Andy Walker,RE/MAX Acclaimed Properties,4071576000,39.097073,-86.561485,211075785,5759 S Glenview Dr,47403,Bloomington,IN,39.097073,-86.561485,549900.0,3.0,4.0,2516.0,SINGLE_FAMILY,FOR_SALE,-1,False,False,537600.0,2370.0,,False,False,FOR_SALE,549900.0,4071576000,True,False,False,USD,USA,63100.0,1.01,acres,False,,,,,,,,True,BUILDER_SPEC,Langley,,
2052842078,ForSale,New Construction,https://photos.zillowstatic.com/fp/15bd78a354baf28fe0a44e13fbd24a0f-p_e.jpg,True,/homedetails/7536-W-Justice-Ave-Bloomington-IN-47404/2052842078_zpid/,FOR_SALE,New construction,"$325,000",$325K,"7536 W Justice Ave, Bloomington, IN 47404",3,2.0,1513,False,False,ForSale,New Construction,False,False,False,False,True,False,False,NEW_CONSTRUCTION,False,False,Listing provided by IRMLS,Cortney Walcott,Century 21 Scheetz - Bloomington,5013570000,39.22322,-86.63801,2052842078,7536 W Justice Ave,47404,Bloomington,IN,39.22322,-86.63801,325000.0,2.0,3.0,1513.0,SINGLE_FAMILY,FOR_SALE,-1,False,False,320200.0,1900.0,,False,False,FOR_SALE,325000.0,5013570000,True,False,False,USD,USA,,10018.800000000001,sqft,False,,,,,,,,True,BUILDER_SPEC,,,
85596092,ForSale,For Sale by Agent,https://photos.zillowstatic.com/fp/5573b630c87b8b3e68c6cf86f5fc0500-p_e.jpg,True,/homedetails/5285-W-Nova-Dr-Bloomington-IN-47404/85596092_zpid/,FOR_SALE,House for sale,"$249,900",$250K,"5285 W Nova Dr, Bloomington, IN 47404",3,1.0,1296,False,False,ForSale,For Sale (Broker),False,False,False,False,True,False,False,,False,False,Listing provided by IRMLS,Chris Berg,"eXp Realty, LLC",4320596000,39.213142,-86.600204,85596092,5285 W Nova Dr,47404,Bloomington,IN,39.213142,-86.600204,249900.0,1.0,3.0,1296.0,SINGLE_FAMILY,FOR_SALE,-1,False,False,,,True,False,False,FOR_SALE,249900.0,4320596000,True,False,False,USD,USA,188300.0,0.33,acres,False,PRICE_REDUCTION,$100 (Feb 14),1707897600000.0,$100 (Feb 14),-100.0,,,,,,,
94517228,ForSale,For Sale by Agent,https://photos.zillowstatic.com/fp/d8ff915db737edd481bba7f5d6cc08a5-p_e.jpg,True,/homedetails/1612-W-8th-St-Bloomington-IN-47404/94517228_zpid/,FOR_SALE,House for sale,"$179,000",$179K,"1612 W 8th St, Bloomington, IN 47404",2,1.0,660,False,False,ForSale,For Sale (Broker),False,False,False,False,True,False,False,,False,False,Listing provided by IRMLS,Autumn Mccoy,Griffin Realty Holdings LLC,778883000,39.169815,-86.55387,94517228,1612 W 8th St,47404,Bloomington,IN,39.169815,-86.55387,179000.0,1.0,2.0,660.0,SINGLE_FAMILY,FOR_SALE,-1,False,False,171300.0,1355.0,True,False,False,FOR_SALE,179000.0,778883000,True,False,False,USD,USA,148400.0,0.0,sqft,False,,,,,,,,,,,,
331544457,ForSale,For Sale by Agent,https://photos.zillowstatic.com/fp/7d8428aab10d841bb5ceb3191b226776-p_e.jpg,True,/homedetails/1308-E-Short-St-Bloomington-IN-47401/331544457_zpid/,FOR_SALE,House for sale,"$390,000",$390K,"1308 E Short St, Bloomington, IN 47401",3,2.0,1255,False,False,ForSale,For Sale (Broker),False,False,False,False,True,False,False,,False,False,Listing provided by IRMLS,Kristi Gibbs,Century 21 Scheetz - Bloomington,1397450000,39.14382,-86.514854,331544457,1308 E Short St,47401,Bloomington,IN,39.14382,-86.514854,390000.0,2.0,3.0,1255.0,SINGLE_FAMILY,FOR_SALE,-1,False,False,386600.0,1550.0,True,False,False,FOR_SALE,390000.0,1397450000,True,False,False,USD,USA,75000.0,1306.8,sqft,False,,,,,,,,,,,,
331544452,ForSale,For Sale by Agent,https://photos.zillowstatic.com/fp/0f5c43d196d6b714d8d1ce751fb425e8-p_e.jpg,True,/homedetails/1304-E-Short-St-Bloomington-IN-47401/331544452_zpid/,FOR_SALE,House for sale,"$390,000",$390K,"1304 E Short St, Bloomington, IN 47401",3,2.0,1255,False,False,ForSale,For Sale (Broker),False,False,False,False,True,False,False,,False,False,Listing provided by IRMLS,Kristi Gibbs,Century 21 Scheetz - Bloomington,1397450000,39.14382,-86.51495,331544452,1304 E Short St,47401,Bloomington,IN,39.14382,-86.51495,390000.0,2.0,3.0,1255.0,SINGLE_FAMILY,FOR_SALE,-1,False,False,387100.0,1550.0,True,False,False,FOR_SALE,390000.0,1397450000,True,False,False,USD,USA,75000.0,1306.8,sqft,False,,,,,,,,,,,,
85589054,ForSale,For Sale by Agent,https://photos.zillowstatic.com/fp/541cb368b51242dddf0a7a1dcbd74487-p_e.jpg,True,/homedetails/2140-S-Curry-Pike-Bloomington-IN-47403/85589054_zpid/,FOR_SALE,House for sale,"$227,500",$228K,"2140 S Curry Pike, Bloomington, IN 47403",2,1.0,977,False,False,ForSale,For Sale (Broker),False,False,False,False,True,False,False,,False,False,Listing provided by IRMLS,Bill Howard,Bill Howard Real Estate,3447394000,39.147163,-86.58318,85589054,2140 S Curry Pike,47403,Bloomington,IN,39.147163,-86.58318,227500.0,1.0,2.0,977.0,SINGLE_FAMILY,FOR_SALE,-1,False,False,227300.0,1268.0,True,False,False,FOR_SALE,227500.0,3447394000,True,False,False,USD,USA,105000.0,2.3,acres,False,,,,,,,,,,,,
331544443,ForSale,For Sale by Agent,https://photos.zillowstatic.com/fp/8cc5df08f49fc3a4fd424dad714e6f4c-p_e.jpg,True,/homedetails/1312-E-Short-St-Bloomington-IN-47401/331544443_zpid/,FOR_SALE,House for sale,"$390,000",$390K,"1312 E Short St, Bloomington, IN 47401",3,2.0,1255,False,False,ForSale,For Sale (Broker),False,False,False,False,True,False,False,,False,False,Listing provided by IRMLS,Kristi Gibbs,Century 21 Scheetz - Bloomington,1397210000,39.143837,-86.51471,331544443,1312 E Short St,47401,Bloomington,IN,39.143837,-86.51471,390000.0,2.0,3.0,1255.0,SINGLE_FAMILY,FOR_SALE,-1,False,False,387100.0,1550.0,True,False,False,FOR_SALE,390000.0,1397210000,True,False,False,USD,USA,75000.0,1306.8,sqft,False,,,,,,,,,,,,
331544434,ForSale,New Construction,https://photos.zillowstatic.com/fp/e6c9a6ce59bc32b6eb989a100993250e-p_e.jpg,True,/homedetails/1266-E-Short-St-Bloomington-IN-47401/331544434_zpid/,FOR_SALE,New construction,"$530,000",$530K,"1266 E Short St, Bloomington, IN 47401",4,4.0,1770,False,False,ForSale,New Construction,False,False,False,False,True,False,False,NEW_CONSTRUCTION,False,False,Listing provided by IRMLS,Kristi Gibbs,Century 21 Scheetz - Bloomington,6846137000,39.143677,-86.515366,331544434,1266 E Short St,47401,Bloomington,IN,39.143677,-86.515366,530000.0,4.0,4.0,1770.0,SINGLE_FAMILY,FOR_SALE,-1,False,False,522500.0,2605.0,,False,False,FOR_SALE,530000.0,6846137000,True,False,False,USD,USA,543000.0,3049.2000000000003,sqft,False,,,,,,,,True,BUILDER_SPEC,,,
2053002853,ForSale,New Construction,https://photos.zillowstatic.com/fp/181a9f87a3a2d672f8aaa97e6fd4b57b-p_e.jpg,True,/homedetails/5048-W-Justice-Ave-Bloomington-IN-47404/2053002853_zpid/,FOR_SALE,New construction,"$349,300",$349K,"5048 W Justice Ave, Bloomington, IN 47404",4,3.0,2355,False,False,ForSale,New Construction,False,False,False,False,True,False,False,NEW_CONSTRUCTION,False,False,Listing provided by IRMLS,Sable Beyers,Beyers Realty,4676493000,39.1978,-86.5678,2053002853,5048 W Justice Ave,47404,Bloomington,IN,39.1978,-86.5678,349300.0,3.0,4.0,2355.0,SINGLE_FAMILY,FOR_SALE,-1,False,False,348700.0,2470.0,,False,False,FOR_SALE,349300.0,4676493000,True,False,False,USD,USA,,0.27,acres,False,,,,,,,,True,BUILDER_SPEC,,,
331544439,ForSale,For Sale by Agent,https://photos.zillowstatic.com/fp/4abd922180ef2b62a1e0ee3283feed11-p_e.jpg,True,/homedetails/1262-E-Short-St-Bloomington-IN-47401/331544439_zpid/,FOR_SALE,House for sale,"$425,000",$425K,"1262 E Short St, Bloomington, IN 47401",3,2.0,1310,False,False,ForSale,For Sale (Broker),False,False,False,False,True,False,False,,False,False,Listing provided by IRMLS,Kristi Gibbs,Century 21 Scheetz - Bloomington,6845672000,39.143757,-86.515366,331544439,1262 E Short St,47401,Bloomington,IN,39.143757,-86.515366,425000.0,2.0,3.0,1310.0,SINGLE_FAMILY,FOR_SALE,-1,False,False,418800.0,1550.0,True,False,False,FOR_SALE,425000.0,6845672000,True,False,False,USD,USA,443100.0,3049.2000000000003,sqft,False,,,,,,,,,,,,
341814142,ForSale,For Sale by Agent,https://photos.zillowstatic.com/fp/4756fd7cc22eb3b68731877086264167-p_e.jpg,True,/homedetails/7528-W-Justice-Ave-Bloomington-IN-47404/341814142_zpid/,FOR_SALE,House for sale,"$275,000",$275K,"7528 W Justice Ave, Bloomington, IN 47404",3,2.0,1271,False,False,ForSale,For Sale (Broker),False,False,False,False,True,False,False,,False,False,Listing provided by IRMLS,Bob Double,Valu-net Realty,2516666000,39.225525,-86.63719,341814142,7528 W Justice Ave,47404,Bloomington,IN,39.225525,-86.63719,275000.0,2.0,3.0,1271.0,SINGLE_FAMILY,FOR_SALE,-1,False,False,275200.0,1800.0,True,False,False,FOR_SALE,275000.0,2516666000,True,False,False,USD,USA,,10454.4,sqft,False,,,,,,,,,,,,
2055194252,ForSale,For Sale by Agent,https://photos.zillowstatic.com/fp/62d8333d98892000e7268e768551c7b1-p_e.jpg,True,/homedetails/5397-N-Louden-Rd-Bloomington-IN-47404/2055194252_zpid/,FOR_SALE,House for sale,"$414,000",$414K,"5397 N Louden Rd, Bloomington, IN 47404",3,3.0,1823,False,False,ForSale,For Sale (Broker),False,False,False,False,True,False,False,,False,False,Listing provided by IRMLS,Lindsey Clark,Barberry Realty,6935068000,39.229458,-86.64016,2055194252,5397 N Louden Rd,47404,Bloomington,IN,39.229458,-86.64016,414000.0,3.0,3.0,1823.0,SINGLE_FAMILY,FOR_SALE,-1,False,False,412700.0,2076.0,True,False,False,FOR_SALE,414000.0,6935068000,True,False,False,USD,USA,,0.311,acres,False,,,,,,,,,,,,
343425276,ForSale,For Sale by Agent,https://photos.zillowstatic.com/fp/bf0150e0319e1e75eb7a1aead6ecb4dc-p_e.jpg,True,/homedetails/7519-W-Justice-Ave-Bloomington-IN-47404/343425276_zpid/,FOR_SALE,House for sale,"$359,900",$360K,"7519 W Justice Ave, Bloomington, IN 47404",3,2.0,1471,False,False,ForSale,For Sale (Broker),False,False,False,False,True,False,False,,False,False,Listing provided by IRMLS,Bob Double,Valu-net Realty,1918121000,39.2246,-86.63603,343425276,7519 W Justice Ave,47404,Bloomington,IN,39.2246,-86.63603,359900.0,2.0,3.0,1471.0,SINGLE_FAMILY,FOR_SALE,-1,False,False,359500.0,1900.0,True,False,False,FOR_SALE,359900.0,1918121000,True,False,False,USD,USA,,10018.800000000001,sqft,False,,,,,,,,,,,,
342775069,ForSale,For Sale by Agent,https://photos.zillowstatic.com/fp/d97b5546d1de3a9e3343b0f26a882467-p_e.jpg,True,/homedetails/7535-W-Justice-Ave-Ellettsville-IN-47429/342775069_zpid/,FOR_SALE,House for sale,"$295,000",$295K,"7535 W Justice Ave, Ellettsville, IN 47429",3,2.0,1271,False,False,ForSale,For Sale (Broker),False,False,False,False,True,False,False,,False,False,Listing provided by IRMLS,Cortney Walcott,Century 21 Scheetz - Bloomington,2096668000,39.225,-86.63907,342775069,7535 W Justice Ave,47429,Ellettsville,IN,39.225,-86.63907,295000.0,2.0,3.0,1271.0,SINGLE_FAMILY,FOR_SALE,-1,False,False,,1800.0,True,False,False,FOR_SALE,295000.0,2096668000,True,False,False,USD,USA,,10018.800000000001,sqft,False,,,,,,,,,,,,
